	33-2021-01-26-RBD	33-2021-02-22-RBD	33-2021-03-02-RBD	33-2021-03-02-RBD-2	33-2021-03-09-RBD	33-2021-03-15-RBD	33-2021-03-15-RBD-2	33-2021-03-23-RBD	33-2021-03-23-RBD-2	33-2021-03-23-RBD-3	33-2021-03-30-RBD	33-2021-03-30-RBD-2	33-2021-04-06-RBD	33-2021-04-06-RBD-2	33-2021-04-13-RBD	33-2021-04-20-RBD	33-2021-04-20-RBD-2	33-2021-04-27-RBD	33-2021-04-27-RBD-2	33-2021-05-04-RBD	33-2021-05-11-RBD	33-2021-05-11-RBD-2	33-2021-05-18-RBD-2	33-2021-05-25-RBD	33-2021-05-25-RBD-2	33-2021-06-01-RBD	33-2021-06-01-RBD-2	33-2021-06-01-RBD-3	33-2021-06-08-RBD	33-2021-06-08-RBD-2	33-2021-06-15-RBD	33-2021-06-15-RBD-2	33-2021-06-22-RBD	33-2021-06-22-RBD-2	33-2021-06-22-RBD-3	33-2021-06-22-RBD-4	33-2021-06-29-RBD	33-2021-06-29-RBD-2	33-2021-07-06-RBD	33-2021-07-06-RBD-2	33-2021-07-13-RBD	33-2021-07-13-RBD-2	33-2021-07-20-RBD	33-2021-07-22-RBD	33-2021-08-03-RBD	33-2021-08-10-RBD	33-2021-08-17-RBD	33-2021-08-17-RBD-2	33-2021-08-24-RBD	33-2021-08-24-RBD-2	33-2021-08-31-RBD	33-2021-09-07-RBD	33-2021-09-14-RBD	33-2021-09-21-RBD	33-2021-09-28-RBD	33-2021-09-28-RBD-2	33-2021-10-05-RBD	33-2021-10-12-RBD	33-2021-10-19-RBD	33-2021-10-26-RBD	33-2021-11-09-RBD	33-2021-11-16-RBD	33-2021-11-23-RBD	33-2021-11-23-RBD-2	33-2021-11-30-RBD	33-2021-12-07-RBD	33-2021-12-14-RBD	33-2021-12-28-RBD	33-2022-01-04-RBD	33-2022-01-18-RBD	33-2022-02-08-RBD	
Covariant	Abundance	Abundance	Abundance	Abundance	Abundance	Abundance	Abundance	Abundance	Abundance	Abundance	Abundance	Abundance	Abundance	Abundance	Abundance	Abundance	Abundance	Abundance	Abundance	Abundance	Abundance	Abundance	Abundance	Abundance	Abundance	Abundance	Abundance	Abundance	Abundance	Abundance	Abundance	Abundance	Abundance	Abundance	Abundance	Abundance	Abundance	Abundance	Abundance	Abundance	Abundance	Abundance	Abundance	Abundance	Abundance	Abundance	Abundance	Abundance	Abundance	Abundance	Abundance	Abundance	Abundance	Abundance	Abundance	Abundance	Abundance	Abundance	Abundance	Abundance	Abundance	Abundance	Abundance	Abundance	Abundance	Abundance	Abundance	Abundance	Abundance	Abundance	Abundance	
1241-insertA(fs) T1355G(L452R) C1433A(T478K)																																																				0.005																				
A1217-1217Del(fs) A1501T(N501Y) C1709A(A570D)										0.002				0.001	0.003	0.003	0.003		0.002	0.003	0.003	0.002		0.001				0.003	0.001			0.003																																								
A1217-1217Del(fs) C1296T(C432C) T1355G(L452R) C1433A(T478K) T1722C(D574D)																																						0.003																																		
A1217-1217Del(fs) C1433A(T478K)				0.004																																																																				
A1217-1217Del(fs) T1355C(L452P) G1450A(E484K) A1501T(N501Y) C1561T(P521S) A1610G(K537R) C1709A(A570D)																										0.002																																														
A1217-1217Del(fs) T1355G(L452R) C1433A(T478K)																									0.004		0.002			0.002			0.002						0.001	0.003		0.003	0.001	0.001	0.001	0.003	0.002	0.003	0.003	0.002			0.002		0.002		0.004	0.002	0.003	0.002		0.002	0.002	0.003								
A1217-1217Del(fs) T1355G(L452R) C1433A(T478K) T1722C(D574D)																															0.003						0.001																	0.002																		
A1217C(E406A) G1251T(K417N) T1263C(Y421Y) T1320G(N440K) G1336A(G446S) G1430A(S477N) C1433A(T478K) A1451C(E484A) A1478G(Q493R) G1486A(G496S) A1493G(Q498R) A1501T(N501Y) T1513C(Y505H) C1640A(T547K)																																																																				0.004				
A1217C(E406A) G1251T(K417N) T1320G(N440K) G1336A(G446S) G1430A(S477N) C1433A(T478K) A1451C(E484A) A1478G(Q493R) G1486A(G496S) A1493G(Q498R) A1501T(N501Y) T1513C(Y505H) C1640A(T547K)																																																																						0.008		
A1217G(E406G) G1251T(K417N) T1263C(Y421Y) T1320G(N440K) G1336A(G446S) G1430A(S477N) C1433A(T478K) A1451C(E484A) A1478G(Q493R) G1486A(G496S) A1493G(Q498R) A1501T(N501Y) T1513C(Y505H) C1640A(T547K)																																																																				0.003				
A1217G(E406G) G1251T(K417N) T1320G(N440K) G1336A(G446S) G1430A(S477N) C1433A(T478K) A1451C(E484A) A1478G(Q493R) G1486A(G496S) A1493G(Q498R) A1501T(N501Y) T1513C(Y505H) C1640A(T547K)																																																																						0.004		
A1218T(E406D) A1224C(R408S) G1251T(K417N) T1320G(N440K) G1336A(G446S) G1430A(S477N) C1433A(T478K) A1451C(E484A) A1478G(Q493R) G1486A(G496S) A1493G(Q498R) A1501T(N501Y) T1513C(Y505H) C1640A(T547K)																																																																							0.018	
A1218T(E406D) A1501T(N501Y) C1709A(A570D)																						0.025																																																		
A1218T(E406D) T1306C(W436R) A1501T(N501Y) C1709A(A570D)																					0.026																																																			
A1222-1222Del(fs)				0.002																																																																				
A1222-1222Del(fs) A1501T(N501Y) C1709A(A570D)															0.001	0.001	0.001				0.001											0.001																																								
A1222-1222Del(fs) T1355G(L452R) C1433A(T478K)																									0.001																																															
A1222-1222Del(fs) T1355G(L452R) C1433A(T478K) T1722C(D574D)																															0.001																																									
A1224C(R408S) C1230T(I410I) G1251T(K417N) T1320G(N440K) G1336A(G446S) G1430A(S477N) C1433A(T478K) A1451C(E484A) A1478G(Q493R) G1486A(G496S) A1493G(Q498R) A1501T(N501Y) T1513C(Y505H) C1640A(T547K)																																																																							0.070	
A1224C(R408S) G1251T(K417N) T1320G(N440K) G1336A(G446S) G1365A(L455L) G1430A(S477N) C1433A(T478K) A1451C(E484A) A1478G(Q493R) G1486A(G496S) A1493G(Q498R) A1501T(N501Y) T1513C(Y505H) C1640A(T547K) C1738T(Q580*)																																																																							0.021	
A1224C(R408S) G1251T(K417N) T1320G(N440K) G1336A(G446S) G1430A(S477N) C1433A(T478K) A1451C(E484A) A1478G(Q493R) G1486A(G496S) A1493G(Q498R) A1501T(N501Y) GT1505-1506Del(fs) T1513C(Y505H) C1640A(T547K)																																																																							0.015	
A1224C(R408S) G1251T(K417N) T1320G(N440K) G1336A(G446S) G1430A(S477N) C1433A(T478K) A1451C(E484A) A1478G(Q493R) G1486A(G496S) A1493G(Q498R) A1501T(N501Y) T1513C(Y505H) C1516A(Q506K) C1640A(T547K)																																																																							0.022	
A1224C(R408S) G1251T(K417N) T1320G(N440K) G1336A(G446S) G1430A(S477N) C1433A(T478K) A1451C(E484A) A1478G(Q493R) G1486A(G496S) A1493G(Q498R) A1501T(N501Y) T1513C(Y505H) C1640A(T547K) C1644T(G548G)																																																																							0.020	
A1224C(R408S) G1251T(K417N) T1320G(N440K) G1336A(G446S) G1430A(S477N) C1433A(T478K) A1451C(E484A) A1478G(Q493R) G1486A(G496S) A1493G(Q498R) A1501T(N501Y) T1513C(Y505H) C1640A(T547K) C1724T(A575V)																																																																							0.019	
A1224C(R408S) G1251T(K417N) T1320G(N440K) G1336A(G446S) G1430A(S477N) C1433A(T478K) A1451C(E484A) A1478G(Q493R) G1486A(G496S) A1493G(Q498R) A1501T(N501Y) T1513C(Y505H) C1640A(T547K) T1676A(F559Y)																																																																							0.019	
A1224C(R408S) G1251T(K417N) T1320G(N440K) G1336A(G446S) T1364C(L455S) G1430A(S477N) C1433A(T478K) A1451C(E484A) A1478G(Q493R) G1486A(G496S) A1493G(Q498R) A1501T(N501Y) T1513C(Y505H) C1640A(T547K)																																																																							0.020	
A1224T(R408S) T1355G(L452R) C1433A(T478K)																																									0.018																															
A1224T(R408S) T1355G(L452R) C1433A(T478K) T1722C(D574D)																																										0.025																														
A1224T(R408S) T1355G(L452R) G1430T(S477I) C1433A(T478K)																																									0.003																															
A1226T(Q409L) T1355C(L452P) G1450A(E484K) A1501T(N501Y) C1561T(P521S) A1610G(K537R) C1709A(A570D)																										0.024																																														
A1226T(Q409L) T1355G(L452R) C1433A(T478K)																											0.023	0.023																																												
A1241-1241Del(fs) A1250C(K417T) G1450A(E484K) A1501T(N501Y)																				0.228																																																				
A1241-1241Del(fs) A1250C(K417T) T1273G(L425V) G1450A(E484K) A1501T(N501Y)																				0.007																																																				
A1241-1241Del(fs) T1355G(L452R) C1433A(T478K)																													0.156																																											
A1243C(T415P) T1355G(L452R) C1433A(T478K)																																																														0.007										
A1243G(T415A) T1355G(L452R) C1433A(T478K)																																																														0.017										
A1243T(T415S) T1355G(L452R) C1433A(T478K) T1722C(D574D)																																																														0.023										
A1248-1248Del(fs) G1251T(K417N) T1320G(N440K) G1336A(G446S) G1430A(S477N) C1433A(T478K) A1451C(E484A) A1478G(Q493R) G1486A(G496S) A1493G(Q498R) A1501T(N501Y) T1513C(Y505H) C1640A(T547K)																																																																						0.002		
A1250C(K417T)					0.017	0.013			0.007	0.015	0.023		0.003																																																											
A1250C(K417T) A1501T(N501Y)																						0.001	0.004																																																	
A1250C(K417T) A1501T(N501Y) C1709A(A570D)																																0.001																																								
A1250C(K417T) C1317G(N439K) T1355G(L452R) T1380A(N460K) C1477A(Q493K)											0.133	0.111																																																												
A1250C(K417T) C1317G(N439K) T1355G(L452R) T1380A(N460K) C1477A(Q493K) 1488-insertT(fs)											0.115																																																													
A1250C(K417T) C1317G(N439K) T1355G(L452R) T1380A(N460K) C1477A(Q493K) C1561T(P521S)											0.009																																																													
A1250C(K417T) C1317G(N439K) T1355G(L452R) T1380G(N460K) T1506C(G502G)									0.198																																																															
A1250C(K417T) G1450A(E484K) A1501T(N501Y)																						0.168	0.087																				0.051																													
A1250C(K417T) G1450A(E484K) A1501T(N501Y) C1698T(G566G) C1709A(A570D)																							0.054																																																	
A1250C(K417T) G1450A(E484K) A1501T(N501Y) T1508C(V503A) C1698T(G566G) C1709A(A570D)																							0.086																																																	
A1250C(K417T) T1306C(W436R) T1355G(L452R) C1477A(Q493K)							0.018																																																																	
A1250C(K417T) T1306C(W436R) T1355G(L452R) C1477A(Q493K) A1502C(N501T)						0.017																																																																		
A1250C(K417T) T1320G(N440K) T1355G(L452R)											0.016		0.002																																																											
A1250C(K417T) T1320G(N440K) T1355G(L452R) C1477A(Q493K)								0.159			0.104		0.195	0.086																																																										
A1250C(K417T) T1355G(L452R)					0.006	0.010			0.002		0.008		0.006																																																											
A1250C(K417T) T1355G(L452R) C1477A(Q493K)					0.045		0.122		0.008																																																															
A1250C(K417T) T1355G(L452R) C1477A(Q493K) A1502C(N501T)						0.166			0.176				0.054																																																											
A1250C(K417T) T1355G(L452R) T1380A(N460K)							0.013			0.003	0.104																																																													
A1250C(K417T) T1355G(L452R) T1380A(N460K) C1477A(Q493K)						0.199		0.111		0.371		0.016																																																												
A1250C(K417T) T1355G(L452R) T1380A(N460K) G1422A(Q474Q) C1477A(Q493K)								0.074																																																																
A1250C(K417T) T1355G(L452R) T1380A(N460K) G1430A(S477N)					0.051																																																																			
A1250C(K417T) T1355G(L452R) T1380A(N460K) T1663C(S555P)							0.131																																																																	
A1250C(K417T) T1355G(L452R) T1380G(N460K)					0.048																																																																			
A1250C(K417T) T1355G(L452R) T1380G(N460K) C1433A(T478K)																		0.002																																																						
A1250C(K417T) T1355G(L452R) T1380G(N460K) C1433A(T478K) C1477A(Q493K) A1502C(N501T)																		0.123																																																						
A1250C(K417T) T1355G(L452R) T1380G(N460K) C1477A(Q493K)								0.063				0.108																																																												
A1250G(K417R)			0.002																																																																					
A1252T(I418F) T1355G(L452R) C1433A(T478K)																																																												0.019												
A1268G(Y423C) A1501T(N501Y)		0.008																																																																						
A1271T(K424I) T1355G(L452R) C1433A(T478K)																																							0.004																																	
A1271T(K424I) T1355G(L452R) C1433A(T478K) T1722C(D574D)																																								0.005																																
A1275T(L425F) A1501T(N501Y) C1709A(A570D)															0.029																																																									
A1275T(L425F) T1355G(L452R) C1433A(T478K)																																																																			0.020					
A1280C(D427A) T1284C(D428D) T1355G(L452R) C1433A(T478K)																																																							0.109	0.114																
A1280C(D427A) T1355G(L452R) C1433A(T478K)																																																						0.118																		
A1280T(D427V) T1355G(L452R) C1433A(T478K)																																																																			0.304					
A1280T(D427V) T1355G(L452R) C1433A(T478K) A1585G(K529E)																																																																			0.019					
A1280T(D427V) T1355G(L452R) C1433A(T478K) A1737G(P579P)																																																																			0.020					
A1280T(D427V) T1355G(L452R) C1433A(T478K) C1678T(L560L)																																																																			0.020					
A1280T(D427V) T1355G(L452R) C1433A(T478K) G1534A(V512I)																																																																			0.019					
A1280T(D427V) T1355G(L452R) C1433A(T478K) T1677C(F559F)																																																																			0.009					
A1280T(D427V) T1355G(L452R) C1433A(T478K) T1677G(F559L)																																																																			0.011					
A1280T(D427V) T1355G(L452R) T1389C(P463P) C1433A(T478K)																																																																			0.011					
A1283C(D428A) T1355G(L452R) C1433A(T478K)																																																															0.008									
A1283C(D428A) T1355G(L452R) C1433A(T478K) T1455A(G485G)																																																																0.007								
A1283G(D428G) T1355G(L452R) C1433A(T478K)																																																																0.006								
A1283G(D428G) T1355G(L452R) C1433A(T478K) A1669-1669Del(fs)																																																															0.011									
A1283G(D428G) T1355G(L452R) C1433A(T478K) T1455C(G485G)																																																																0.007								
A1288C(T430P) T1355G(L452R) C1433A(T478K)																																																															0.008	0.007								
A1288G(T430A) T1355G(L452R) C1433A(T478K)																																																																0.018								
A1288G(T430A) T1355G(L452R) C1433A(T478K) A1669-1669Del(fs)																																																															0.018									
A1290G(T430T) T1355G(L452R) C1433A(T478K)																																							0.009																																	
A1310C(N437T) T1355G(L452R) C1433A(T478K)																																																														0.007										
A1310G(N437S) T1355G(L452R) C1433A(T478K) T1722C(D574D)																																																														0.020										
A1330G(K444E)							0.001																																																																	
A1330G(K444E) A1501T(N501Y) C1709A(A570D)																			0.006																																																					
A1331G(K444R) T1355G(L452R) C1433A(T478K)																																	0.085	0.150																	0.003																					
A1331G(K444R) T1355G(L452R) C1433A(T478K) A1502C(N501T)																																		0.006																																						
A1331G(K444R) T1355G(L452R) C1433A(T478K) C1580A(P527H) T1722C(D574D)																																				0.009																																				
A1331G(K444R) T1355G(L452R) C1433A(T478K) G1507T(V503F)																																		0.009																																						
A1331G(K444R) T1355G(L452R) C1433A(T478K) T1588A(S530T) T1722C(D574D)																																				0.020																																				
A1331G(K444R) T1355G(L452R) C1433A(T478K) T1722C(D574D)																																		0.011	0.081	0.154																																				
A1386G(K462K)			0.002																																																																					
A1429-1429Del(fs) A1501T(N501Y) C1709A(A570D)																						0.078																																																		
A1432T(T478S) A1501T(N501Y) C1709A(A570D)																0.025																																																								
A1432T(T478S) T1473C(P491P) A1501T(N501Y) C1709A(A570D)																	0.023																																																							
A1451C(E484A)																		0.002																																																						
A1460T(N487I) A1501T(N501Y) C1709A(A570D)		0.064																																																																						
A1501T(N501Y)		0.010	0.015		0.012	0.007	0.006	0.009	0.010	0.005	0.031	0.011	0.006	0.006			0.001	0.019		0.006			0.139	0.004			0.002	0.001	0.218	0.008			0.108	0.199	0.022	0.007					0.003		0.007																													
A1501T(N501Y) 1538-insertT(fs) C1709A(A570D)															0.085																																																									
A1501T(N501Y) 1571-insertT(fs) C1709A(A570D)																						0.072																																																		
A1501T(N501Y) A1547C(E516A) 1571-insertT(fs) C1709A(A570D)																						0.003																																																		
A1501T(N501Y) A1554C(L518L)					0.006																																																																			
A1501T(N501Y) A1585T(K529*) C1709A(A570D)																					0.002																																																			
A1501T(N501Y) A1661G(E554G) C1709A(A570D)			0.006																																																																					
A1501T(N501Y) A1669-1669Del(fs) C1709A(A570D)																																			0.066																																					
A1501T(N501Y) C1516A(Q506K) 1538-insertT(fs) C1709A(A570D)															0.001																																																									
A1501T(N501Y) C1516A(Q506K) C1709A(A570D)														0.001		0.001	0.001			0.001																																																				
A1501T(N501Y) C1516A(Q506K) T1550A(L517H) C1709A(A570D)																																0.015																																								
A1501T(N501Y) C1519A(P507T) 1538-insertT(fs) C1709A(A570D)															0.002																																																									
A1501T(N501Y) C1519A(P507T) C1709A(A570D)																0.001					0.002																																																			
A1501T(N501Y) C1520A(P507Q) C1709A(A570D)																0.001	0.001																																																							
A1501T(N501Y) C1524A(Y508*) 1538-insertT(fs) C1709A(A570D)															0.003																																																									
A1501T(N501Y) C1524A(Y508*) C1709A(A570D)																0.002	0.002			0.002				0.001			0.004	0.004	0.002			0.004																																								
A1501T(N501Y) C1549A(L517I) C1709A(A570D)																								0.001																																																
A1501T(N501Y) C1559A(A520E) C1709A(A570D)															0.002	0.002	0.002				0.001			0.002		0.001			0.001																																											
A1501T(N501Y) C1561T(P521S) C1709A(A570D)												0.013																																																												
A1501T(N501Y) C1565A(A522E) C1709A(A570D)																																0.001																																								
A1501T(N501Y) C1629A(F543L) C1709A(A570D)																				0.001																																																				
A1501T(N501Y) C1640T(T547I) C1709A(A570D)		0.028																																																																						
A1501T(N501Y) C1644A(G548G) C1709A(A570D)																0.003	0.003																																																							
A1501T(N501Y) C1668A(N556K) C1709A(A570D)																													0.001																																											
A1501T(N501Y) C1709A(A570D)		0.207	0.040	0.007	0.570	0.230	0.311	0.355	0.204	0.596	0.267	0.466	0.428	0.588	0.777	0.840	0.835	0.359	0.521	0.743	0.805	0.569	0.245	0.552		0.475	0.277	0.491	0.385	0.174		0.913				0.197					0.104																															
A1501T(N501Y) C1709A(A570D) A1743G(T581T)															0.027																																																									
A1501T(N501Y) C1709A(A570D) C1753-1753Del(fs)																0.001					0.001																																																			
A1501T(N501Y) C1709A(A570D) T1722C(D574D)																																0.002																																								
A1501T(N501Y) C1709A(A570D) T1727C(V576A)																																0.001																																								
A1501T(N501Y) C1709A(A570D) T1745-1745Del(fs)															0.001																																																									
A1501T(N501Y) C1709A(A570D) T1751-1751Del(fs)															0.001	0.001	0.001				0.001											0.001																																								
A1501T(N501Y) C1709A(A570D) T1754-1754Del(fs)															0.002	0.001	0.002			0.001	0.002	0.001										0.001																																								
A1501T(N501Y) G1558T(A520S) C1709A(A570D)						0.176		0.073																																																																
A1501T(N501Y) G1576A(G526R) C1709A(A570D)															0.001						0.002																																																			
A1501T(N501Y) G1587A(K529K) C1709A(A570D)																0.026																																																								
A1501T(N501Y) G1613A(C538Y) C1709A(A570D)		0.296																																																																						
A1501T(N501Y) G1613A(C538Y) T1677C(F559F) C1709A(A570D)		0.017																																																																						
A1501T(N501Y) G1700A(R567K) C1709A(A570D)																																											0.057																													
A1501T(N501Y) GCT1708-1710AAT(A570N)											0.125																																																													
A1501T(N501Y) T1512A(G504G) C1709A(A570D)																0.001																																																								
A1501T(N501Y) T1512G(G504G) C1709A(A570D)														0.001	0.001						0.001											0.002																																								
A1501T(N501Y) T1529-1529Del(fs) C1709A(A570D)					0.029																																																																			
A1501T(N501Y) T1532A(V511E) C1709A(A570D)																											0.025																																													
A1501T(N501Y) T1539A(L513L) C1709A(A570D)																											0.024																																													
A1501T(N501Y) T1543G(F515V) C1709A(A570D)																0.001																																																								
A1501T(N501Y) T1550A(L517H) C1709A(A570D)																																0.009																																								
A1501T(N501Y) T1550G(L517R) C1709A(A570D)																0.002	0.002																																																							
A1501T(N501Y) T1573C(C525R) C1709A(A570D)		0.006			0.048																																																																			
A1501T(N501Y) T1596C(N532N) C1709A(A570D)																						0.078																																																		
A1501T(N501Y) T1653A(V551V) C1709A(A570D)																											0.025																																													
A1501T(N501Y) T1679C(L560P) C1709A(A570D)																								0.002																																																
A1501T(N501Y) T1693G(F565V) C1709A(A570D)																																0.001																																								
A1501T(N501Y) T1694G(F565C) C1709A(A570D)																																0.001																																								
A1514G(Y505C)			0.004																																																																					
A1521G(P507P)			0.003																																																																					
A1625G(N542S)		0.005																																																																						
A1671G(K557K)			0.002																																																																					
A1721G(D574G)		0.004																																																																						
C1221-1221Del(fs) A1501T(N501Y) C1709A(A570D)															0.001	0.001	0.001				0.001											0.001																																								
C1221-1221Del(fs) T1355G(L452R) C1433A(T478K)																									0.001																					0.001																		0.001								
C1221-1221Del(fs) T1355G(L452R) C1433A(T478K) T1722C(D574D)																															0.001																																									
C1221T(V407V) A1224C(R408S) G1251T(K417N) T1320G(N440K) G1336A(G446S) G1430A(S477N) C1433A(T478K) A1451C(E484A) A1478G(Q493R) G1486A(G496S) A1493G(Q498R) A1501T(N501Y) T1513C(Y505H) C1640A(T547K) A1670G(K557R)																																																																							0.019	
C1221T(V407V) A1501T(N501Y) C1709A(A570D)															0.026																																																									
C1221T(V407V) T1355G(L452R) C1433A(T478K)																																																													0.017											
C1225T(Q409*) T1335C(V445V) T1355G(L452R) C1433A(T478K)																																																					0.020																			
C1230T(I410I) G1251T(K417N) T1320G(N440K) G1336A(G446S) G1430A(S477N) C1433A(T478K) A1451C(E484A) A1478G(Q493R) G1486A(G496S) A1493G(Q498R) A1501T(N501Y) T1513C(Y505H) C1640A(T547K)																																																																				0.002				
C1230T(I410I) T1355G(L452R) C1433A(T478K)																																															0.056	0.055																								
C1240T(Q414*) T1355G(L452R) CCT1387-1389TTT(P463F) C1433A(T478K) T1722C(D574D)																																							0.022																																	
C1244T(T415I) T1355G(L452R) C1433A(T478K) A1669-1669Del(fs)																																																															0.028									
C1244T(T415I) T1355G(L452R) C1433A(T478K) C1491-1491Del(fs)																																																																0.027								
C1296T(C432C) T1355G(L452R) C1433A(T478K) C1516A(Q506K) T1722C(D574D)																																						0.003																																		
C1296T(C432C) T1355G(L452R) C1433A(T478K) C1565A(A522E) T1722C(D574D)																																						0.001																																		
C1296T(C432C) T1355G(L452R) C1433A(T478K) C1644T(G548G) T1722C(D574D)																																						0.002																																		
C1296T(C432C) T1355G(L452R) C1433A(T478K) T1602G(V534V) T1722C(D574D)																																						0.004																																		
C1296T(C432C) T1355G(L452R) C1433A(T478K) T1722C(D574D)																																						0.523																																		
C1420T(Q474*) A1501T(N501Y) G1613A(C538Y) C1709A(A570D)		0.035																																																																						
C1424T(A475V)			0.006																																																																					
C1424T(A475V) A1501T(N501Y) C1709A(A570D)													0.081	0.125																																																										
C1433A(T478K)			0.311	0.286	0.091				0.194				0.141	0.074			0.073						0.274	0.208				0.001	0.003				0.084		0.099	0.002	0.025		0.002																																	
C1433A(T478K) C1690G(Q564E)																																					0.033																																			
C1433A(T478K) C1690T(Q564*)																																					0.282																																			
C1433A(T478K) C1709A(A570D)																																0.004																																								
C1433A(T478K) G1576A(G526R)																							0.002																																																	
C1433A(T478K) T1725C(A575A)				0.004																																																																				
C1516A(Q506K)				0.002																																																																				
C1524A(Y508*)				0.003																																																																				
C1559A(A520E)		0.004																																																																						
C1629A(F543L)				0.002																																																																				
C1709A(A570D)				0.004																						0.002						0.002																																								
CTG1354-1356AGG(L452R) C1433A(T478K)																																																													0.003											
CTG1354-1356AGG(L452R) C1433A(T478K) T1722C(D574D)																																																													0.054											
CTG1354-1356TGG(L452W) C1433A(T478K)																																													0.001																											
G1216-1216Del(fs)				0.003																																																																				
G1216-1216Del(fs) A1501T(N501Y) C1709A(A570D)															0.002	0.003	0.002		0.001	0.003	0.003	0.002							0.001			0.003																																								
G1216-1216Del(fs) T1355G(L452R) C1433A(T478K)																									0.002		0.001			0.001										0.002						0.003		0.002	0.002	0.002					0.001		0.003					0.002	0.002	0.002								
G1216-1216Del(fs) T1355G(L452R) C1433A(T478K) T1722C(D574D)																															0.003							0.003				0.002																														
G1219-1219Del(fs) A1501T(N501Y) C1709A(A570D)																0.001	0.001															0.001																																								
G1219-1219Del(fs) T1355G(L452R) C1433A(T478K)																									0.001								0.001													0.001																										
G1219-1219Del(fs) T1355G(L452R) C1433A(T478K) T1722C(D574D)																															0.001																																									
G1237-1237Del(fs) T1355G(L452R) C1433A(T478K) T1572C(V524V) T1722C(D574D)																																																			0.050																					
G1237A(G413R) T1355G(L452R) C1433A(T478K)																																																															0.026									
G1237A(G413R) T1355G(L452R) C1433A(T478K) C1491-1491Del(fs)																																																																0.026								
G1238A(G413E) T1355G(L452R) C1433A(T478K)																																												0.029																												
G1238A(G413E) T1355G(L452R) G1430T(S477I) C1433A(T478K)																																									0.101																															
G1238C(G413A) T1355G(L452R) C1433A(T478K)																																												0.004																												
G1239A(G413G) C1296T(C432C) T1355G(L452R) C1433A(T478K) T1722C(D574D)																																						0.004																																		
G1239T(G413G) T1355G(L452R) C1433A(T478K)																																											0.041																													
G1239T(G413G) T1355G(L452R) C1433A(T478K) C1709T(A570V) T1722C(D574D)																																																				0.028																				
G1246A(G416R) T1355G(L452R) C1433A(T478K)																																																																	0.021							
G1247A(G416E) A1501T(N501Y) C1709A(A570D)								0.072																																																																
G1247A(G416E) G1279A(D427N) T1469C(F490S) A1501T(N501Y) C1709A(A570D)																								0.024																																																
G1247A(G416E) T1355G(L452R) C1433A(T478K)																									0.025																																															
G1251T(K417N) A1270-1270Del(fs) T1320G(N440K) G1336A(G446S) G1430A(S477N) C1433A(T478K) A1451C(E484A) A1478G(Q493R) G1486A(G496S) A1493G(Q498R) A1501T(N501Y) T1513C(Y505H) C1640A(T547K)																																																																					0.003			
G1251T(K417N) A1316C(N439T) T1320G(N440K) G1336A(G446S) G1430A(S477N) C1433A(T478K) A1451C(E484A) A1478G(Q493R) G1486A(G496S) A1493G(Q498R) A1501T(N501Y) T1513C(Y505H) C1640A(T547K)																																																																				0.005				
G1251T(K417N) A1316G(N439S) T1320G(N440K) G1336A(G446S) G1430A(S477N) C1433A(T478K) A1451C(E484A) A1478G(Q493R) G1486A(G496S) A1493G(Q498R) A1501T(N501Y) T1513C(Y505H) C1640A(T547K)																																																																				0.011				
G1251T(K417N) AAC1315-1317AGT(N439S) T1320G(N440K) G1336A(G446S) G1430A(S477N) C1433A(T478K) A1451C(E484A) A1478G(Q493R) G1486A(G496S) A1493G(Q498R) A1501T(N501Y) T1513C(Y505H) C1640A(T547K)																																																																				0.002				
G1251T(K417N) C1296T(C432C) C1317T(N439N) T1320G(N440K) G1336A(G446S) G1430A(S477N) C1433A(T478K) A1451C(E484A) A1478G(Q493R) G1486A(G496S) A1493G(Q498R) A1501T(N501Y) T1513C(Y505H) C1640A(T547K)																																																																				0.020				
G1251T(K417N) C1317T(N439N) T1320G(N440K) A1330G(K444E) G1336A(G446S) G1430A(S477N) C1433A(T478K) A1451C(E484A) A1478G(Q493R) G1486A(G496S) A1493G(Q498R) A1501T(N501Y) T1513C(Y505H) C1640A(T547K) T1722A(D574E)																																																																						0.014		
G1251T(K417N) C1317T(N439N) T1320G(N440K) G1336A(G446S) G1430A(S477N) C1433A(T478K) A1451C(E484A) A1478G(Q493R) G1486A(G496S) A1493G(Q498R) A1501T(N501Y) T1513C(Y505H) C1516A(Q506K) C1640A(T547K)																																																																						0.015		
G1251T(K417N) C1317T(N439N) T1320G(N440K) G1336A(G446S) G1430A(S477N) C1433A(T478K) A1451C(E484A) A1478G(Q493R) G1486A(G496S) A1493G(Q498R) A1501T(N501Y) T1513C(Y505H) C1537T(L513F) C1640A(T547K)																																																																							0.010	
G1251T(K417N) C1317T(N439N) T1320G(N440K) G1336A(G446S) G1430A(S477N) C1433A(T478K) A1451C(E484A) A1478G(Q493R) G1486A(G496S) A1493G(Q498R) A1501T(N501Y) T1513C(Y505H) C1640A(T547K)																																																																				0.032	0.072			
G1251T(K417N) C1317T(N439N) T1320G(N440K) G1336A(G446S) G1430A(S477N) C1433A(T478K) A1451C(E484A) A1478G(Q493R) G1486A(G496S) A1493G(Q498R) A1501T(N501Y) T1513C(Y505H) C1640A(T547K) A1672T(K558*)																																																																				0.018				
G1251T(K417N) C1317T(N439N) T1320G(N440K) G1336A(G446S) G1430A(S477N) C1433A(T478K) A1451C(E484A) A1478G(Q493R) G1486A(G496S) A1493G(Q498R) A1501T(N501Y) T1513C(Y505H) C1640A(T547K) C1715T(T572I)																																																																						0.020		
G1251T(K417N) C1317T(N439N) T1320G(N440K) G1336A(G446S) G1430A(S477N) C1433A(T478K) A1451C(E484A) A1478G(Q493R) G1486A(G496S) A1493G(Q498R) A1501T(N501Y) T1513C(Y505H) C1640A(T547K) G1702A(D568N) C1753T(L585F)																																																																				0.019				
G1251T(K417N) C1317T(N439N) T1320G(N440K) G1336A(G446S) G1430A(S477N) C1433A(T478K) A1451C(E484A) A1478G(Q493R) G1486A(G496S) A1493G(Q498R) A1501T(N501Y) T1513C(Y505H) C1640A(T547K) T1650A(G550G)																																																																				0.020				
G1251T(K417N) C1317T(N439N) T1320G(N440K) G1336A(G446S) G1430A(S477N) C1433A(T478K) A1451C(E484A) A1478G(Q493R) G1486A(G496S) A1493G(Q498R) A1501T(N501Y) T1513C(Y505H) C1640A(T547K) T1656A(L552L) A1721G(D574G)																																																																					0.019			
G1251T(K417N) C1317T(N439N) T1320G(N440K) G1336A(G446S) G1430A(S477N) C1433A(T478K) A1451C(E484A) A1478G(Q493R) G1486A(G496S) A1493G(Q498R) A1501T(N501Y) T1513C(Y505H) C1640A(T547K) T1659C(T553T)																																																																					0.018			
G1251T(K417N) C1317T(N439N) T1320G(N440K) G1336A(G446S) G1430A(S477N) C1433A(T478K) A1451C(E484A) A1478G(Q493R) G1486A(G496S) A1493G(Q498R) A1501T(N501Y) T1513C(Y505H) C1640A(T547K) T1675G(F559V)																																																																					0.013			
G1251T(K417N) C1317T(N439N) T1320G(N440K) G1336A(G446S) G1430A(S477N) C1433A(T478K) A1451C(E484A) A1478G(Q493R) G1486A(G496S) A1493G(Q498R) A1501T(N501Y) T1513C(Y505H) C1640A(T547K) T1710G(A570A)																																																																				0.015				
G1251T(K417N) C1317T(N439N) T1320G(N440K) G1336A(G446S) G1430A(S477N) C1433A(T478K) A1451C(E484A) A1478G(Q493R) G1486A(G496S) A1493G(Q498R) A1501T(N501Y) T1513C(Y505H) G1599A(L533L) C1640A(T547K)																																																																						0.022		
G1251T(K417N) C1317T(N439N) T1320G(N440K) G1336A(G446S) G1430A(S477N) C1433A(T478K) A1451C(E484A) A1478G(Q493R) G1486A(G496S) A1493G(Q498R) A1501T(N501Y) T1513C(Y505H) G1634A(G545D) C1640A(T547K)																																																																					0.021			
G1251T(K417N) C1317T(N439N) T1320G(N440K) T1323C(L441L) G1336A(G446S) G1430A(S477N) C1433A(T478K) A1451C(E484A) A1478G(Q493R) G1486A(G496S) A1493G(Q498R) A1501T(N501Y) T1513C(Y505H) C1640A(T547K)																																																																						0.022		
G1251T(K417N) G1292A(G431D) C1317T(N439N) T1320G(N440K) G1336A(G446S) G1430A(S477N) C1433A(T478K) A1451C(E484A) A1478G(Q493R) G1486A(G496S) A1493G(Q498R) A1501T(N501Y) T1513C(Y505H) C1640A(T547K)																																																																						0.003		
G1251T(K417N) T1254C(I418I) T1355G(L452R) C1433A(T478K)																																								0.056																																
G1251T(K417N) T1263C(Y421Y) T1320G(N440K) G1336A(G446S) G1430A(S477N) C1433A(T478K) A1451C(E484A) A1478G(Q493R) G1486A(G496S) A1493G(Q498R) A1501T(N501Y) T1513C(Y505H) C1640A(T547K)																																																																						0.005		
G1251T(K417N) T1274C(L425S) T1320G(N440K) G1336A(G446S) G1430A(S477N) C1433A(T478K) A1451C(E484A) A1478G(Q493R) G1486A(G496S) A1493G(Q498R) A1501T(N501Y) T1513C(Y505H) C1640A(T547K)																																																																				0.003				
G1251T(K417N) T1312C(S438P) T1320G(N440K) G1336A(G446S) G1430A(S477N) C1433A(T478K) A1451C(E484A) A1478G(Q493R) G1486A(G496S) A1493G(Q498R) A1501T(N501Y) T1513C(Y505H) C1640A(T547K)																																																																					0.004			
G1251T(K417N) T1320G(N440K) A1330C(K444Q) G1336A(G446S) G1430A(S477N) C1433A(T478K) A1451C(E484A) A1478G(Q493R) G1486A(G496S) A1493G(Q498R) A1501T(N501Y) T1513C(Y505H) C1640A(T547K) T1722A(D574E)																																																																						0.005		
G1251T(K417N) T1320G(N440K) G1336A(G446S) A1414C(I472L) G1430A(S477N) C1433A(T478K) A1451C(E484A) A1478G(Q493R) G1486A(G496S) A1493G(Q498R) A1501T(N501Y) T1513C(Y505H) C1640A(T547K)																																																																						0.007		
G1251T(K417N) T1320G(N440K) G1336A(G446S) A1414G(I472V) G1430A(S477N) C1433A(T478K) A1451C(E484A) A1478G(Q493R) G1486A(G496S) A1493G(Q498R) A1501T(N501Y) T1513C(Y505H) C1640A(T547K)																																																																						0.014		
G1251T(K417N) T1320G(N440K) G1336A(G446S) C1381T(L461F) G1430A(S477N) C1433A(T478K) A1451C(E484A) A1478G(Q493R) G1486A(G496S) A1493G(Q498R) A1501T(N501Y) T1513C(Y505H) G1599A(L533L) C1640A(T547K)																																																																							0.005	
G1251T(K417N) T1320G(N440K) G1336A(G446S) G1411A(E471K) G1430A(S477N) C1433A(T478K) A1451C(E484A) A1478G(Q493R) G1486A(G496S) A1493G(Q498R) A1501T(N501Y) T1513C(Y505H) C1640A(T547K)																																																																				0.002		0.005		
G1251T(K417N) T1320G(N440K) G1336A(G446S) G1426-1426Del(fs) G1430A(S477N) C1433A(T478K) A1451C(E484A) A1478G(Q493R) G1486A(G496S) A1493G(Q498R) A1501T(N501Y) T1513C(Y505H) C1640A(T547K)																																																																					0.003			
G1251T(K417N) T1320G(N440K) G1336A(G446S) G1430A(S477N) ACA1432-1434AAAA(T478K) A1451C(E484A) A1478G(Q493R) G1486A(G496S) A1493G(Q498R) A1501T(N501Y) T1513C(Y505H) C1640A(T547K)																																																																				0.002				
G1251T(K417N) T1320G(N440K) G1336A(G446S) G1430A(S477N) ACA1432-1434AAG(T478K) A1451C(E484A) A1478G(Q493R) A1484T(Y495F) G1486A(G496S) A1493G(Q498R) A1501T(N501Y) T1513C(Y505H) C1640A(T547K)																																																																					0.003			
G1251T(K417N) T1320G(N440K) G1336A(G446S) G1430A(S477N) C1433A(T478K) A1451C(E484A)																																																																					0.004			
G1251T(K417N) T1320G(N440K) G1336A(G446S) G1430A(S477N) C1433A(T478K) A1451C(E484A) 1468-insertT(fs) A1478G(Q493R) G1486A(G496S) A1493G(Q498R) A1501T(N501Y) T1513C(Y505H) C1640A(T547K)																																																																				0.004				
G1251T(K417N) T1320G(N440K) G1336A(G446S) G1430A(S477N) C1433A(T478K) A1451C(E484A) A1459T(N487Y) A1478G(Q493R) G1486A(G496S) A1493G(Q498R) A1501T(N501Y) T1513C(Y505H) C1640A(T547K)																																																																						0.003		
G1251T(K417N) T1320G(N440K) G1336A(G446S) G1430A(S477N) C1433A(T478K) A1451C(E484A) A1478G(Q493R) G1486A(G496S) A1493G(Q498R) A1501T(N501Y) G1510T(G504C) T1513C(Y505H) C1640A(T547K)																																																																						0.006		
G1251T(K417N) T1320G(N440K) G1336A(G446S) G1430A(S477N) C1433A(T478K) A1451C(E484A) A1478G(Q493R) G1486A(G496S) A1493G(Q498R) A1501T(N501Y) T1512G(G504G) T1513C(Y505H) C1640A(T547K)																																																																						0.002		
G1251T(K417N) T1320G(N440K) G1336A(G446S) G1430A(S477N) C1433A(T478K) A1451C(E484A) A1478G(Q493R) G1486A(G496S) A1493G(Q498R) A1501T(N501Y) T1513A(Y505N) C1640A(T547K)																																																																					0.005	0.006		
G1251T(K417N) T1320G(N440K) G1336A(G446S) G1430A(S477N) C1433A(T478K) A1451C(E484A) A1478G(Q493R) G1486A(G496S) A1493G(Q498R) A1501T(N501Y) T1513C(Y505H) 1582-insertA(fs) C1640A(T547K)																																																																					0.004	0.001		
G1251T(K417N) T1320G(N440K) G1336A(G446S) G1430A(S477N) C1433A(T478K) A1451C(E484A) A1478G(Q493R) G1486A(G496S) A1493G(Q498R) A1501T(N501Y) T1513C(Y505H) 1596-insertT(fs) C1640A(T547K)																																																																							0.005	
G1251T(K417N) T1320G(N440K) G1336A(G446S) G1430A(S477N) C1433A(T478K) A1451C(E484A) A1478G(Q493R) G1486A(G496S) A1493G(Q498R) A1501T(N501Y) T1513C(Y505H) A1518C(Q506H) C1640A(T547K)																																																																						0.017		
G1251T(K417N) T1320G(N440K) G1336A(G446S) G1430A(S477N) C1433A(T478K) A1451C(E484A) A1478G(Q493R) G1486A(G496S) A1493G(Q498R) A1501T(N501Y) T1513C(Y505H) A1603-1603Del(fs) C1640A(T547K)																																																																					0.002			
G1251T(K417N) T1320G(N440K) G1336A(G446S) G1430A(S477N) C1433A(T478K) A1451C(E484A) A1478G(Q493R) G1486A(G496S) A1493G(Q498R) A1501T(N501Y) T1513C(Y505H) A1603T(K535*) C1640A(T547K)																																																																						0.004		
G1251T(K417N) T1320G(N440K) G1336A(G446S) G1430A(S477N) C1433A(T478K) A1451C(E484A) A1478G(Q493R) G1486A(G496S) A1493G(Q498R) A1501T(N501Y) T1513C(Y505H) C1516A(Q506K) C1640A(T547K)																																																																						0.015		
G1251T(K417N) T1320G(N440K) G1336A(G446S) G1430A(S477N) C1433A(T478K) A1451C(E484A) A1478G(Q493R) G1486A(G496S) A1493G(Q498R) A1501T(N501Y) T1513C(Y505H) C1519A(P507T) C1640A(T547K)																																																																						0.002		
G1251T(K417N) T1320G(N440K) G1336A(G446S) G1430A(S477N) C1433A(T478K) A1451C(E484A) A1478G(Q493R) G1486A(G496S) A1493G(Q498R) A1501T(N501Y) T1513C(Y505H) C1520A(P507Q) C1640A(T547K)																																																																						0.002		
G1251T(K417N) T1320G(N440K) G1336A(G446S) G1430A(S477N) C1433A(T478K) A1451C(E484A) A1478G(Q493R) G1486A(G496S) A1493G(Q498R) A1501T(N501Y) T1513C(Y505H) C1559A(A520E) C1640A(T547K)																																																																						0.001		
G1251T(K417N) T1320G(N440K) G1336A(G446S) G1430A(S477N) C1433A(T478K) A1451C(E484A) A1478G(Q493R) G1486A(G496S) A1493G(Q498R) A1501T(N501Y) T1513C(Y505H) C1580T(P527L) C1640A(T547K)																																																																						0.023		
G1251T(K417N) T1320G(N440K) G1336A(G446S) G1430A(S477N) C1433A(T478K) A1451C(E484A) A1478G(Q493R) G1486A(G496S) A1493G(Q498R) A1501T(N501Y) T1513C(Y505H) C1629T(F543F) C1640A(T547K)																																																																				0.002				
G1251T(K417N) T1320G(N440K) G1336A(G446S) G1430A(S477N) C1433A(T478K) A1451C(E484A) A1478G(Q493R) G1486A(G496S) A1493G(Q498R) A1501T(N501Y) T1513C(Y505H) C1640A(T547K)																																																																			0.030	0.709	0.747	0.669	0.705	
G1251T(K417N) T1320G(N440K) G1336A(G446S) G1430A(S477N) C1433A(T478K) A1451C(E484A) A1478G(Q493R) G1486A(G496S) A1493G(Q498R) A1501T(N501Y) T1513C(Y505H) C1640A(T547K) 1675-insertT(fs)																																																																				0.003		0.002		
G1251T(K417N) T1320G(N440K) G1336A(G446S) G1430A(S477N) C1433A(T478K) A1451C(E484A) A1478G(Q493R) G1486A(G496S) A1493G(Q498R) A1501T(N501Y) T1513C(Y505H) C1640A(T547K) A1647G(T549T)																																																																				0.003				
G1251T(K417N) T1320G(N440K) G1336A(G446S) G1430A(S477N) C1433A(T478K) A1451C(E484A) A1478G(Q493R) G1486A(G496S) A1493G(Q498R) A1501T(N501Y) T1513C(Y505H) C1640A(T547K) A1669-1669Del(fs)																																																																				0.003	0.003			
G1251T(K417N) T1320G(N440K) G1336A(G446S) G1430A(S477N) C1433A(T478K) A1451C(E484A) A1478G(Q493R) G1486A(G496S) A1493G(Q498R) A1501T(N501Y) T1513C(Y505H) C1640A(T547K) G1643A(G548D)																																																																					0.003	0.004		
G1251T(K417N) T1320G(N440K) G1336A(G446S) G1430A(S477N) C1433A(T478K) A1451C(E484A) A1478G(Q493R) G1486A(G496S) A1493G(Q498R) A1501T(N501Y) T1513C(Y505H) C1640A(T547K) G1648A(G550S)																																																																					0.003			
G1251T(K417N) T1320G(N440K) G1336A(G446S) G1430A(S477N) C1433A(T478K) A1451C(E484A) A1478G(Q493R) G1486A(G496S) A1493G(Q498R) A1501T(N501Y) T1513C(Y505H) C1640A(T547K) G1697A(G566D)																																																																						0.005		
G1251T(K417N) T1320G(N440K) G1336A(G446S) G1430A(S477N) C1433A(T478K) A1451C(E484A) A1478G(Q493R) G1486A(G496S) A1493G(Q498R) A1501T(N501Y) T1513C(Y505H) C1640A(T547K) T1659G(T553T)																																																																					0.004			
G1251T(K417N) T1320G(N440K) G1336A(G446S) G1430A(S477N) C1433A(T478K) A1451C(E484A) A1478G(Q493R) G1486A(G496S) A1493G(Q498R) A1501T(N501Y) T1513C(Y505H) C1640A(T547K) T1663C(S555P) T1683C(P561P)																																																																							0.006	
G1251T(K417N) T1320G(N440K) G1336A(G446S) G1430A(S477N) C1433A(T478K) A1451C(E484A) A1478G(Q493R) G1486A(G496S) A1493G(Q498R) A1501T(N501Y) T1513C(Y505H) C1640A(T547K) T1675C(F559L)																																																																					0.008			
G1251T(K417N) T1320G(N440K) G1336A(G446S) G1430A(S477N) C1433A(T478K) A1451C(E484A) A1478G(Q493R) G1486A(G496S) A1493G(Q498R) A1501T(N501Y) T1513C(Y505H) C1640A(T547K) T1684C(F562L)																																																																					0.003			
G1251T(K417N) T1320G(N440K) G1336A(G446S) G1430A(S477N) C1433A(T478K) A1451C(E484A) A1478G(Q493R) G1486A(G496S) A1493G(Q498R) A1501T(N501Y) T1513C(Y505H) C1640A(T547K) T1710C(A570A)																																																																				0.003				
G1251T(K417N) T1320G(N440K) G1336A(G446S) G1430A(S477N) C1433A(T478K) A1451C(E484A) A1478G(Q493R) G1486A(G496S) A1493G(Q498R) A1501T(N501Y) T1513C(Y505H) C1640A(T547K) T1734C(D578D)																																																																						0.004		
G1251T(K417N) T1320G(N440K) G1336A(G446S) G1430A(S477N) C1433A(T478K) A1451C(E484A) A1478G(Q493R) G1486A(G496S) A1493G(Q498R) A1501T(N501Y) T1513C(Y505H) CAA1516-1518AAC(Q506N) C1640A(T547K)																																																																						0.001		
G1251T(K417N) T1320G(N440K) G1336A(G446S) G1430A(S477N) C1433A(T478K) A1451C(E484A) A1478G(Q493R) G1486A(G496S) A1493G(Q498R) A1501T(N501Y) T1513C(Y505H) G1528T(V510L) C1640A(T547K)																																																																						0.001		
G1251T(K417N) T1320G(N440K) G1336A(G446S) G1430A(S477N) C1433A(T478K) A1451C(E484A) A1478G(Q493R) G1486A(G496S) A1493G(Q498R) A1501T(N501Y) T1513C(Y505H) T1522G(Y508D) C1640A(T547K)																																																																						0.003		
G1251T(K417N) T1320G(N440K) G1336A(G446S) G1430A(S477N) C1433A(T478K) A1451C(E484A) A1478G(Q493R) G1486A(G496S) A1493G(Q498R) A1501T(N501Y) T1513C(Y505H) T1529G(V510G) C1640A(T547K)																																																																						0.001		
G1251T(K417N) T1320G(N440K) G1336A(G446S) G1430A(S477N) C1433A(T478K) A1451C(E484A) A1478G(Q493R) G1486A(G496S) A1493G(Q498R) A1501T(N501Y) T1513C(Y505H) T1532G(V511G) C1640A(T547K)																																																																						0.001		
G1251T(K417N) T1320G(N440K) G1336A(G446S) G1430A(S477N) C1433A(T478K) A1451C(E484A) A1478G(Q493R) G1486A(G496S) A1493G(Q498R) A1501T(N501Y) T1513C(Y505H) T1538G(L513R) C1640A(T547K)																																																																						0.002		
G1251T(K417N) T1320G(N440K) G1336A(G446S) G1430A(S477N) C1433A(T478K) A1451C(E484A) A1478G(Q493R) G1486A(G496S) A1493G(Q498R) A1501T(N501Y) T1513C(Y505H) T1539G(L513L) C1640A(T547K)																																																																						0.002		
G1251T(K417N) T1320G(N440K) G1336A(G446S) G1430A(S477N) C1433A(T478K) A1451C(E484A) A1478G(Q493R) G1486A(G496S) A1493G(Q498R) A1501T(N501Y) T1513C(Y505H) T1540G(S514A) C1640A(T547K)																																																																						0.001		
G1251T(K417N) T1320G(N440K) G1336A(G446S) G1430A(S477N) C1433A(T478K) A1451C(E484A) A1478G(Q493R) G1486A(G496S) A1493G(Q498R) A1501T(N501Y) T1513C(Y505H) T1542C(S514S) C1640A(T547K)																																																																				0.003		0.005		
G1251T(K417N) T1320G(N440K) G1336A(G446S) G1430A(S477N) C1433A(T478K) A1451C(E484A) A1478G(Q493R) G1486A(G496S) A1493G(Q498R) A1501T(N501Y) T1513C(Y505H) T1543G(F515V) C1640A(T547K)																																																																						0.003		
G1251T(K417N) T1320G(N440K) G1336A(G446S) G1430A(S477N) C1433A(T478K) A1451C(E484A) A1478G(Q493R) G1486A(G496S) A1493G(Q498R) A1501T(N501Y) T1513C(Y505H) T1544G(F515C) C1640A(T547K)																																																																						0.002		
G1251T(K417N) T1320G(N440K) G1336A(G446S) G1430A(S477N) C1433A(T478K) A1451C(E484A) A1478G(Q493R) G1486A(G496S) A1493G(Q498R) A1501T(N501Y) T1513C(Y505H) T1551G(L517L) C1640A(T547K)																																																																						0.001		
G1251T(K417N) T1320G(N440K) G1336A(G446S) G1430A(S477N) C1433A(T478K) A1451C(E484A) A1478G(Q493R) G1486A(G496S) A1493G(Q498R) A1501T(N501Y) T1513C(Y505H) T1601C(V534A) C1640A(T547K)																																																																				0.002				
G1251T(K417N) T1320G(N440K) G1336A(G446S) G1430A(S477N) C1433A(T478K) A1451C(E484A) A1478G(Q493R) G1486A(G496S) A1493G(Q498R) A1501T(N501Y) T1513C(Y505H) T1614C(C538C) C1640A(T547K)																																																																							0.008	
G1251T(K417N) T1320G(N440K) G1336A(G446S) G1430A(S477N) C1433A(T478K) A1451C(E484A) A1478G(Q493R) G1486A(G496S) A1493G(Q498R) A1501T(N501Y) T1513C(Y505H) T1622G(F541C) C1640A(T547K)																																																																						0.001		
G1251T(K417N) T1320G(N440K) G1336A(G446S) G1430A(S477N) C1433A(T478K) A1451C(E484A) A1478G(Q493R) G1486A(G496S) A1493G(Q498R) A1501T(N501Y) TAC1513-1515CAA(Y505Q) C1640A(T547K)																																																																						0.002		
G1251T(K417N) T1320G(N440K) G1336A(G446S) G1430A(S477N) C1433A(T478K) A1451C(E484A) A1478G(Q493R) G1486A(G496S) A1493G(Q498R) AAT1501-1503TAG(N501*) T1513C(Y505H) C1640A(T547K)																																																																				0.002				
G1251T(K417N) T1320G(N440K) G1336A(G446S) G1430A(S477N) C1433A(T478K) A1451C(E484A) A1478G(Q493R) G1486A(G496S) A1493G(Q498R) C1497T(P499P) A1501T(N501Y) T1513C(Y505H) C1640A(T547K)																																																																				0.003				
G1251T(K417N) T1320G(N440K) G1336A(G446S) G1430A(S477N) C1433A(T478K) A1451C(E484A) A1478G(Q493R) G1486A(G496S) T1489C(F497L) A1493G(Q498R) A1501T(N501Y) T1513C(Y505H) C1640A(T547K)																																																																					0.003			
G1251T(K417N) T1320G(N440K) G1336A(G446S) G1430A(S477N) C1433A(T478K) A1451C(E484A) G1453A(G485S) A1478G(Q493R) G1486A(G496S) A1493G(Q498R) A1501T(N501Y) T1513C(Y505H) C1640A(T547K)																																																																				0.002				
G1251T(K417N) T1320G(N440K) G1336A(G446S) G1430A(S477N) C1433A(T478K) A1451C(E484A) T1455C(G485G) A1478G(Q493R) G1486A(G496S) A1493G(Q498R) A1501T(N501Y) T1513C(Y505H) C1640A(T547K)																																																																				0.006	0.003			
G1251T(K417N) T1320G(N440K) G1336A(G446S) G1430A(S477N) C1433A(T478K) A1451C(E484A) T1457C(F486S) A1478G(Q493R) G1486A(G496S) A1493G(Q498R) A1501T(N501Y) T1513C(Y505H) C1640A(T547K)																																																																							0.009	
G1251T(K417N) T1320G(N440K) G1336A(G446S) G1430A(S477N) C1433A(T478K) A1451C(E484A) T1469C(F490S) A1478G(Q493R) G1486A(G496S) A1493G(Q498R) A1501T(N501Y) T1513C(Y505H) C1640A(T547K)																																																																					0.003			
G1251T(K417N) T1320G(N440K) G1336A(G446S) G1430A(S477N) C1433A(T478K) A1451C(E484A) T1473C(P491P) A1478G(Q493R) G1486A(G496S) A1493G(Q498R) A1501T(N501Y) T1513C(Y505H) C1640A(T547K)																																																																				0.002				
G1251T(K417N) T1320G(N440K) G1336A(G446S) G1430A(S477N) C1433A(T478K) A1451C(E484A) T1475C(L492S) A1478G(Q493R) G1486A(G496S) A1493G(Q498R) A1501T(N501Y) T1513C(Y505H) C1640A(T547K)																																																																						0.005		
G1251T(K417N) T1320G(N440K) G1336A(G446S) G1430A(S477N) C1433A(T478K) G1445T(G482V) A1451C(E484A) A1478G(Q493R) G1486A(G496S) A1493G(Q498R) A1501T(N501Y) T1513C(Y505H) C1640A(T547K)																																																																					0.003			
G1251T(K417N) T1320G(N440K) G1336A(G446S) G1430A(S477N) C1433A(T478K) G1447A(V483I) A1451C(E484A) A1478G(Q493R) G1486A(G496S) A1493G(Q498R) A1501T(N501Y) T1513C(Y505H) C1640A(T547K)																																																																				0.002				
G1251T(K417N) T1320G(N440K) G1336A(G446S) G1430A(S477N) C1433A(T478K) T1437C(P479P) A1451C(E484A) A1478G(Q493R) G1486A(G496S) A1493G(Q498R) A1501T(N501Y) T1513C(Y505H) C1640A(T547K)																																																																						0.005		
G1251T(K417N) T1320G(N440K) G1336A(G446S) G1430A(S477N) C1433A(T478K) T1443C(N481N) A1451C(E484A) A1478G(Q493R) G1486A(G496S) A1493G(Q498R) A1501T(N501Y) T1513C(Y505H) C1640A(T547K)																																																																						0.005		
G1251T(K417N) T1320G(N440K) G1336A(G446S) T1350C(N450N) G1430A(S477N) C1433A(T478K) A1451C(E484A) A1478G(Q493R) G1486A(G496S) A1493G(Q498R) A1501T(N501Y) T1513C(Y505H) C1640A(T547K)																																																																				0.002				
G1251T(K417N) T1320G(N440K) G1336A(G446S) T1355C(L452P) G1430A(S477N) C1433A(T478K) A1451C(E484A) A1478G(Q493R) G1486A(G496S) A1493G(Q498R) A1501T(N501Y) T1513C(Y505H) C1640A(T547K)																																																																						0.004		
G1251T(K417N) T1320G(N440K) G1336A(G446S) T1389C(P463P) G1430A(S477N) C1433A(T478K) A1451C(E484A) A1478G(Q493R) G1486A(G496S) A1493G(Q498R) A1501T(N501Y) T1513C(Y505H) C1640A(T547K)																																																																				0.004	0.007		0.008	
G1251T(K417N) T1320G(N440K) G1336A(G446S) T1390C(F464L) G1430A(S477N) C1433A(T478K) A1451C(E484A) A1478G(Q493R) G1486A(G496S) A1493G(Q498R) A1501T(N501Y) T1513C(Y505H) T1532C(V511A) C1640A(T547K)																																																																						0.004		
G1251T(K417N) T1320G(N440K) G1336A(G446S) T1391C(F464S) G1430A(S477N) C1433A(T478K) A1451C(E484A) A1478G(Q493R) G1486A(G496S) A1493G(Q498R) A1501T(N501Y) T1513C(Y505H) C1640A(T547K)																																																																					0.004			
G1251T(K417N) T1320G(N440K) G1336A(G446S) T1401C(D467D) G1430A(S477N) C1433A(T478K) A1451C(E484A) A1478G(Q493R) G1486A(G496S) A1493G(Q498R) A1501T(N501Y) T1513C(Y505H) C1640A(T547K)																																																																					0.003			
G1251T(K417N) T1320G(N440K) G1336A(G446S) T1401G(D467E) G1430A(S477N) C1433A(T478K) A1451C(E484A) A1478G(Q493R) G1486A(G496S) A1493G(Q498R) A1501T(N501Y) T1513C(Y505H) C1640A(T547K)																																																																						0.003		
G1251T(K417N) T1320G(N440K) GGT1336-1338AAT(G446N) G1430A(S477N) C1433A(T478K) A1451C(E484A) A1478G(Q493R) G1486A(G496S) A1493G(Q498R) A1501T(N501Y) T1513C(Y505H) C1640A(T547K)																																																																					0.003			
G1251T(K417N) T1320G(N440K) T1322C(L441P) G1336A(G446S) G1430A(S477N) C1433A(T478K) A1451C(E484A) A1478G(Q493R) G1486A(G496S) A1493G(Q498R) A1501T(N501Y) T1513C(Y505H) C1640A(T547K)																																																																						0.005		
G1251T(K417N) TA1299-1300Del(fs) T1320G(N440K) G1336A(G446S) G1430A(S477N) C1433A(T478K) A1451C(E484A) A1478G(Q493R) G1486A(G496S) A1493G(Q498R) A1501T(N501Y) T1513C(Y505H) C1640A(T547K)																																																																				0.002				
G1258A(D420N) A1280T(D427V) T1355G(L452R) C1433A(T478K)																																																																			0.020					
G1279A(D427N) A1501T(N501Y) C1709A(A570D)																								0.002																																																
G1279A(D427N) T1469C(F490S) A1501T(N501Y) C1709A(A570D)																								0.174																																																
G1279A(D427N) T1469C(F490S) A1501T(N501Y) T1679G(L560R) C1709A(A570D)																								0.021																																																
G1291A(G431S) A1501T(N501Y) C1709A(A570D)																																0.025																																								
G1291A(G431S) T1355G(L452R) C1433A(T478K) T1722C(D574D)																															0.026																																									
G1295A(C432Y) T1355G(L452R) C1433A(T478K)																																		0.065		0.003																																				
G1295A(C432Y) T1355G(L452R) C1433A(T478K) T1683C(P561P)																																				0.064																																				
G1337A(G446D) T1355G(L452R) C1433A(T478K)																																																												0.071												
G1339A(G447S) T1355G(L452R) C1433A(T478K)																																																															0.028									
G1423T(A475S) A1501T(N501Y) C1709A(A570D)																													0.002																																											
G1426C(G476R) A1501T(N501Y) C1709A(A570D)																0.073																																																								
G1430A(S477N)					0.003																																																																			
G1450A(E484K) A1501T(N501Y)																				0.003																							0.002																													
G1454T(G485V) A1501T(N501Y) C1709A(A570D)						0.178																																																																		
Reference	1.000	0.291	0.257	0.674	0.044	0.004	0.103	0.035	0.011	0.006	0.064	0.068	0.084	0.005			0.005	0.007					0.008	0.007			0.008	0.008	0.019	0.010		0.001	0.014	0.019	0.008	0.004			0.007		0.006		0.004																													
T1212G(G404G) A1501T(N501Y) C1709A(A570D)																0.001					0.001																																																			
T1212G(G404G) G1213T(D405Y)				0.003																																																																				
T1212G(G404G) G1213T(D405Y) A1501T(N501Y) C1709A(A570D)										0.002					0.002	0.002	0.002		0.001	0.001	0.002	0.001		0.001																																																
T1212G(G404G) G1213T(D405Y) T1355G(L452R) C1433A(T478K)																									0.003																																															
T1212G(G404G) GAT1213-1215TGT(D405C)				0.002																																																																				
T1212G(G404G) GAT1213-1215TGT(D405C) A1501T(N501Y) C1709A(A570D)															0.001	0.001	0.001			0.001	0.002																																																			
T1212G(G404G) GAT1213-1215TGT(D405C) T1355G(L452R) C1433A(T478K)																									0.002																																															
T1212G(G404G) T1355G(L452R) C1433A(T478K)																									0.001																																															
T1215-1215Del(fs) A1501T(N501Y) C1709A(A570D)																																0.001																																								
T1215-1215Del(fs) T1355G(L452R) C1433A(T478K)																																														0.002			0.001															0.001								
T1215-1215Del(fs) T1355G(L452R) C1433A(T478K) T1722C(D574D)																															0.001																																									
T1215G(D405E) G1216-1216Del(fs)				0.002																																																																				
T1215G(D405E) G1216-1216Del(fs) A1501T(N501Y) C1709A(A570D)															0.001	0.002	0.001				0.001																																																			
T1215G(D405E) G1216-1216Del(fs) T1355G(L452R) C1433A(T478K)																									0.002																																															
T1220-1220Del(fs) A1501T(N501Y) C1709A(A570D)																0.001					0.001																																																			
T1220-1220Del(fs) T1355G(L452R) C1433A(T478K)																									0.001																																															
T1253C(I418T) A1280T(D427V) T1355G(L452R) C1433A(T478K)																																																																			0.021					
T1253C(I418T) A1501T(N501Y) C1709A(A570D)																							0.101																																																	
T1273C(L425L) A1501T(N501Y) 1538-insertT(fs) C1709A(A570D)															0.025																																																									
T1284-1284Del(fs) T1355G(L452R) C1433A(T478K) T1722C(D574D)																																																														0.087										
T1285C(F429L) T1355G(L452R) C1433A(T478K) A1667G(N556S) T1722C(D574D)																																													0.060																											
T1298C(V433A) T1355G(L452R) C1433A(T478K)																																							0.025																																	
T1301C(I434T) A1501T(N501Y) C1709A(A570D)		0.016																																																																						
T1306C(W436R) A1501T(N501Y) C1709A(A570D)																					0.078																																																			
T1314G(S438S) G1339A(G447S) T1355G(L452R) C1433A(T478K)																																																																0.027								
T1314G(S438S) T1355G(L452R) C1433A(T478K)																																																																0.072								
T1320A(N440K)																																							0.075																																	
T1320G(N440K) T1355G(L452R) C1433A(T478K) T1722C(D574D)																																							0.006	0.007																																
T1326C(D442D) T1355G(L452R) C1433A(T478K)																																																																	0.025							
T1335C(V445V) T1355G(L452R) C1433A(T478K)																																																					0.088																			
T1345C(Y449H) A1501T(N501Y) C1709A(A570D)														0.112																																																										
T1355C(L452P) G1450A(E484K) A1501T(N501Y) C1524A(Y508*) C1561T(P521S) A1610G(K537R) C1709A(A570D)																										0.005																																														
T1355C(L452P) G1450A(E484K) A1501T(N501Y) C1561T(P521S) A1610G(K537R) A1619G(N540S) C1709A(A570D)																										0.003																																														
T1355C(L452P) G1450A(E484K) A1501T(N501Y) C1561T(P521S) A1610G(K537R) C1709A(A570D)																										0.392																																														
T1355C(L452P) G1450A(E484K) A1501T(N501Y) C1561T(P521S) A1610G(K537R) T1653A(V551V) C1709A(A570D)																										0.025																																														
T1355C(L452P) G1450A(E484K) A1501T(N501Y) C1562T(P521L) A1610G(K537R) C1709A(A570D)																										0.013																																														
T1355C(L452P) G1450A(E484K) A1501T(N501Y) CCA1561-1563GTA(P521V) A1610G(K537R) C1709A(A570D)																										0.005																																														
T1355C(L452P) G1450A(E484K) A1501T(N501Y) CCA1561-1563TTA(P521L) A1610G(K537R) C1709A(A570D)																										0.002																																														
T1355C(L452P) G1450A(E484K) A1501T(N501Y) T1532A(V511E) C1561T(P521S) A1610G(K537R) C1709A(A570D)																										0.025																																														
T1355C(L452P) G1450A(E484K) A1501T(N501Y) T1539A(L513L) C1561T(P521S) A1610G(K537R) C1709A(A570D)																										0.025																																														
T1355G(L452R)							0.016	0.004				0.100																						0.003																																						
T1355G(L452R) A1378C(N460H) C1433A(T478K)																																														0.002																										
T1355G(L452R) A1378G(N460D) C1433A(T478K)																																														0.004																										
T1355G(L452R) A1394C(E465A) C1433A(T478K)																																												0.037																												
T1355G(L452R) A1413C(E471D) C1433A(T478K)																																																													0.008											
T1355G(L452R) A1413G(E471E) C1433A(T478K)																																																													0.012											
T1355G(L452R) ACA1432-1434AAAA(T478K)																																																													0.047											
T1355G(L452R) ACA1432-1434AAC(T478N) T1722C(D574D)																															0.002																																									
T1355G(L452R) C1433A(T478K)																									0.900		0.581	0.372		0.445			0.600	0.533	0.384	0.162	0.320	0.008	0.435	0.659	0.376	0.477	0.450	0.323	0.554	0.779	0.564	0.562	0.710	0.718	0.670	0.614	0.724	0.082	0.464	0.475	0.957	0.509	0.675	0.718	0.702	0.621	0.613	0.736	0.857	0.622	0.380	0.081	0.031	0.030		
T1355G(L452R) C1433A(T478K) 1448-insertT(fs)																																												0.031																												
T1355G(L452R) C1433A(T478K) 1473-insertT(fs)																																																												0.074												
T1355G(L452R) C1433A(T478K) 1508-insertT(fs) G1510A(G504S) C1709T(A570V) T1722C(D574D)																																																				0.028																				
T1355G(L452R) C1433A(T478K) 1635-insertT(fs)																																								0.033																																
T1355G(L452R) C1433A(T478K) 1675-insertT(fs) T1722C(D574D)																																												0.017																												
T1355G(L452R) C1433A(T478K) 1706-insertT(fs)																																							0.016																																	
T1355G(L452R) C1433A(T478K) A1451C(E484A)																																	0.001																																							
T1355G(L452R) C1433A(T478K) A1451C(E484A) T1722C(D574D)																																																						0.007																		
T1355G(L452R) C1433A(T478K) A1451T(E484V) T1722C(D574D)																																																						0.003																		
T1355G(L452R) C1433A(T478K) A1459C(N487H)																																																			0.007																					
T1355G(L452R) C1433A(T478K) A1459G(N487D)																																																			0.005																					
T1355G(L452R) C1433A(T478K) A1459T(N487Y)																																													0.001																											
T1355G(L452R) C1433A(T478K) A1460T(N487I)																																								0.001																																
T1355G(L452R) C1433A(T478K) A1479C(Q493H)																																	0.003	0.003																																						
T1355G(L452R) C1433A(T478K) A1482C(S494S)																																	0.002																																							
T1355G(L452R) C1433A(T478K) A1502C(N501T)																																	0.007																																							
T1355G(L452R) C1433A(T478K) A1518C(Q506H) A1667G(N556S) T1722C(D574D)																																											0.016		0.005																											
T1355G(L452R) C1433A(T478K) A1518C(Q506H) T1722C(D574D)																																												0.017																												
T1355G(L452R) C1433A(T478K) A1525C(R509R)																																														0.001		0.002					0.002																			
T1355G(L452R) C1433A(T478K) A1527C(R509S)																																																					0.002																			
T1355G(L452R) C1433A(T478K) A1527G(R509R)																																																					0.004																			
T1355G(L452R) C1433A(T478K) A1527G(R509R) T1722C(D574D)																																																							0.004																	
T1355G(L452R) C1433A(T478K) A1548C(E516D)																																																												0.003												
T1355G(L452R) C1433A(T478K) A1582-1582Del(fs)																																												0.033																												
T1355G(L452R) C1433A(T478K) A1584C(K528N)																																										0.008																														
T1355G(L452R) C1433A(T478K) A1584C(K528N) T1722C(D574D)																																									0.004																															
T1355G(L452R) C1433A(T478K) A1584G(K528K)																																									0.003	0.005																														
T1355G(L452R) C1433A(T478K) A1584T(K528N) T1722C(D574D)																																									0.004	0.007																														
T1355G(L452R) C1433A(T478K) A1609T(K537*)																													0.004	0.003																																										
T1355G(L452R) C1433A(T478K) A1609T(K537*) T1653A(V551V)																																																				0.005																				
T1355G(L452R) C1433A(T478K) A1619C(N540T)																																																													0.003											
T1355G(L452R) C1433A(T478K) A1619G(N540S)																											0.002	0.003																																	0.015											
T1355G(L452R) C1433A(T478K) A1619T(N540I)																											0.001																																													
T1355G(L452R) C1433A(T478K) A1667G(N556S) T1722C(D574D)																																											0.030		0.179	0.077			0.047	0.046																						
T1355G(L452R) C1433A(T478K) A1669-1669Del(fs)																																																				0.026											0.232		0.015	0.034						
T1355G(L452R) C1433A(T478K) A1692G(Q564Q)																																																0.001																								
T1355G(L452R) C1433A(T478K) A1692T(Q564H)																																															0.060	0.061																								
T1355G(L452R) C1433A(T478K) A1692T(Q564H) T1722C(D574D)																																																											0.002													
T1355G(L452R) C1433A(T478K) C1436A(P479H)																																															0.002	0.002	0.001																							
T1355G(L452R) C1433A(T478K) C1436T(P479L)																																																												0.018												
T1355G(L452R) C1433A(T478K) C1491-1491Del(fs)																																																																0.052								
T1355G(L452R) C1433A(T478K) C1492A(Q498K)																																	0.001																																							
T1355G(L452R) C1433A(T478K) C1497A(P499P)																																	0.002	0.002																			0.002																			
T1355G(L452R) C1433A(T478K) C1515A(Y505*)																																								0.002					0.002	0.001																										
T1355G(L452R) C1433A(T478K) C1516A(Q506K)																									0.003																0.001	0.004				0.006	0.004		0.002				0.008								0.004											
T1355G(L452R) C1433A(T478K) C1516A(Q506K) 1675-insertT(fs) T1722C(D574D)																																												0.009																												
T1355G(L452R) C1433A(T478K) C1516A(Q506K) A1667G(N556S) T1722C(D574D)																																													0.007																											
T1355G(L452R) C1433A(T478K) C1516A(Q506K) T1550A(L517H) T1722C(D574D)																															0.017																																									
T1355G(L452R) C1433A(T478K) C1516A(Q506K) T1722C(D574D)																																					0.002		0.009	0.009			0.005					0.005																								
T1355G(L452R) C1433A(T478K) C1519A(P507T)																																											0.004			0.002							0.003																			
T1355G(L452R) C1433A(T478K) C1519A(P507T) A1667G(N556S) T1722C(D574D)																																													0.005																											
T1355G(L452R) C1433A(T478K) C1519A(P507T) T1542-1542Del(fs)																																																											0.002													
T1355G(L452R) C1433A(T478K) C1519A(P507T) T1722C(D574D)																																												0.004																												
T1355G(L452R) C1433A(T478K) C1520A(P507Q)																									0.002					0.001																0.003		0.001	0.001				0.005		0.002																	
T1355G(L452R) C1433A(T478K) C1524A(Y508*)																									0.003					0.002										0.001			0.001		0.001	0.009	0.004	0.004	0.004	0.004	0.005	0.003	0.013				0.003	0.002	0.006	0.007	0.006	0.002	0.003	0.004	0.004	0.003						
T1355G(L452R) C1433A(T478K) C1524A(Y508*) T1722C(D574D)																															0.005																								0.005																	
T1355G(L452R) C1433A(T478K) C1537A(L513I)																																														0.002		0.001					0.002																			
T1355G(L452R) C1433A(T478K) C1541T(S514F) T1722C(D574D)																																												0.040																												
T1355G(L452R) C1433A(T478K) C1549A(L517I)																									0.003																																															
T1355G(L452R) C1433A(T478K) C1559A(A520E)																									0.004		0.001												0.003	0.003			0.001		0.003	0.001		0.001					0.005		0.002			0.002	0.002		0.004				0.002							
T1355G(L452R) C1433A(T478K) C1559A(A520E) A1669-1669Del(fs)																																																															0.002									
T1355G(L452R) C1433A(T478K) C1561A(P521T)																																								0.001			0.001	0.001					0.001																0.002							
T1355G(L452R) C1433A(T478K) C1561T(P521S)																																																	0.002	0.002																						
T1355G(L452R) C1433A(T478K) C1562T(P521L)																											0.022	0.021																																												
T1355G(L452R) C1433A(T478K) C1565A(A522E)																																																	0.004	0.003																						
T1355G(L452R) C1433A(T478K) C1565A(A522E) T1722C(D574D)																															0.002																																									
T1355G(L452R) C1433A(T478K) C1580A(P527H)																									0.001																					0.001																										
T1355G(L452R) C1433A(T478K) C1580A(P527H) T1722C(D574D)																																			0.011																																					
T1355G(L452R) C1433A(T478K) C1629A(F543L) T1722C(D574D)																																										0.002																														
T1355G(L452R) C1433A(T478K) C1629T(F543F)																																																																			0.005					
T1355G(L452R) C1433A(T478K) C1629T(F543F) C1687T(Q563*) C1690T(Q564*)																																																																			0.014					
T1355G(L452R) C1433A(T478K) C1644A(G548G) T1722C(D574D)																																						0.002																																		
T1355G(L452R) C1433A(T478K) C1658G(T553S)																									0.002																																															
T1355G(L452R) C1433A(T478K) C1668A(N556K)																														0.001																																										
T1355G(L452R) C1433A(T478K) C1678A(L560M)																																												0.033																												
T1355G(L452R) C1433A(T478K) C1681T(P561S) T1722C(D574D)																																																																		0.036						
T1355G(L452R) C1433A(T478K) C1687A(Q563K)																																																				0.004																				
T1355G(L452R) C1433A(T478K) C1709A(A570D)																									0.002				0.206																																											
T1355G(L452R) C1433A(T478K) C1709A(A570D) T1722C(D574D)																															0.002																																									
T1355G(L452R) C1433A(T478K) C1709T(A570V) T1722C(D574D)																																																				0.074																				
T1355G(L452R) C1433A(T478K) C1718T(T573I)																																																																	0.003							
T1355G(L452R) C1433A(T478K) C1753-1753Del(fs)																									0.001																																															
T1355G(L452R) C1433A(T478K) G1439A(C480Y) A1451C(E484A) T1722C(D574D)																																																						0.002																		
T1355G(L452R) C1433A(T478K) G1444T(G482C)																																																											0.004													
T1355G(L452R) C1433A(T478K) G1445T(G482V) T1722C(D574D)																																																						0.006																		
T1355G(L452R) C1433A(T478K) G1447T(V483F)																									0.002																																															
T1355G(L452R) C1433A(T478K) G1450A(E484K)																																																																			0.021					
T1355G(L452R) C1433A(T478K) G1450C(E484Q) T1722C(D574D)																																																																	0.025							
T1355G(L452R) C1433A(T478K) G1463T(C488F)																																																					0.004																			
T1355G(L452R) C1433A(T478K) G1505T(G502V)																																	0.002																																							
T1355G(L452R) C1433A(T478K) G1507T(V503F)																																	0.011																				0.003				0.004															
T1355G(L452R) C1433A(T478K) G1507T(V503F) T1722C(D574D)																																																							0.005																	
T1355G(L452R) C1433A(T478K) G1511T(G504V)																																																					0.002																			
T1355G(L452R) C1433A(T478K) G1526T(R509I)																																																							0.001																	
T1355G(L452R) C1433A(T478K) G1528T(V510L)																																																							0.002																	
T1355G(L452R) C1433A(T478K) G1534T(V512L)																																																							0.002		0.003															
T1355G(L452R) C1433A(T478K) G1546T(E516*)																																																							0.002																	
T1355G(L452R) C1433A(T478K) G1558T(A520S)																																																							0.002		0.003															
T1355G(L452R) C1433A(T478K) G1564C(A522P) A1692T(Q564H) T1722C(D574D)																																																											0.059													
T1355G(L452R) C1433A(T478K) G1564C(A522P) T1722C(D574D)																																																										0.131		0.075					0.024							
T1355G(L452R) C1433A(T478K) G1615C(V539L)																																														0.001																										
T1355G(L452R) C1433A(T478K) G1651T(V551F) T1722C(D574D)																																												0.020																												
T1355G(L452R) C1433A(T478K) G1696T(G566C) T1722C(D574D)																																										0.001																														
T1355G(L452R) C1433A(T478K) G1708T(A570S)																																																																			0.018					
T1355G(L452R) C1433A(T478K) G1720A(D574N)																																																													0.023											
T1355G(L452R) C1433A(T478K) G1720T(D574Y)																																											0.048																													
T1355G(L452R) C1433A(T478K) G1756-1756Del(fs)																									0.001																																															
T1355G(L452R) C1433A(T478K) T1448A(V483D)																																																														0.011										
T1355G(L452R) C1433A(T478K) T1448C(V483A)																																																														0.007										
T1355G(L452R) C1433A(T478K) T1455A(G485G) A1669-1669Del(fs)																																																															0.007									
T1355G(L452R) C1433A(T478K) T1455C(G485G)																																																															0.007									
T1355G(L452R) C1433A(T478K) T1455G(G485G)																																								0.001																							0.004	0.004								
T1355G(L452R) C1433A(T478K) T1468C(F490L)																														0.078																																										
T1355G(L452R) C1433A(T478K) T1480C(S494P)																																													0.058									0.147																		
T1355G(L452R) C1433A(T478K) T1503G(N501K)																																																													0.054											
T1355G(L452R) C1433A(T478K) T1512A(G504G)																																														0.001																										
T1355G(L452R) C1433A(T478K) T1512G(G504G)																									0.002										0.002					0.001			0.001		0.002	0.003	0.002	0.002	0.002			0.002	0.006				0.007	0.006	0.002	0.005	0.003											
T1355G(L452R) C1433A(T478K) T1512G(G504G) T1722C(D574D)																															0.002					0.001																			0.013	0.014																
T1355G(L452R) C1433A(T478K) T1513G(Y505D)																																														0.002							0.003				0.003		0.002													
T1355G(L452R) C1433A(T478K) T1513G(Y505D) T1722C(D574D)																																																							0.004																	
T1355G(L452R) C1433A(T478K) T1522G(Y508D)																																														0.002									0.002																	
T1355G(L452R) C1433A(T478K) T1529G(V510G)																																														0.001		0.001																								
T1355G(L452R) C1433A(T478K) T1529G(V510G) T1722C(D574D)																																																							0.004																	
T1355G(L452R) C1433A(T478K) T1532A(V511E)																												0.024																																												
T1355G(L452R) C1433A(T478K) T1532G(V511G)																																																							0.001		0.003															
T1355G(L452R) C1433A(T478K) T1538-1538Del(fs)																																																																		0.021						
T1355G(L452R) C1433A(T478K) T1538C(L513P)																																									0.091																															
T1355G(L452R) C1433A(T478K) T1538G(L513R)																																											0.001		0.001																											
T1355G(L452R) C1433A(T478K) T1539A(L513L)																												0.025																																												
T1355G(L452R) C1433A(T478K) T1539G(L513L)																																													0.002										0.001		0.004															
T1355G(L452R) C1433A(T478K) T1540G(S514A)																																								0.001					0.002								0.002		0.001		0.003				0.003											
T1355G(L452R) C1433A(T478K) T1542-1542Del(fs)																																																											0.107													
T1355G(L452R) C1433A(T478K) T1542C(S514S) T1722C(D574D)																																																					0.086																			
T1355G(L452R) C1433A(T478K) T1542G(S514S)																																								0.001			0.001																													
T1355G(L452R) C1433A(T478K) T1542G(S514S) A1667G(N556S) T1722C(D574D)																																													0.004																											
T1355G(L452R) C1433A(T478K) T1543A(F515I)																																																			0.004																					
T1355G(L452R) C1433A(T478K) T1543G(F515V)																									0.002															0.003											0.027		0.002		0.002						0.004			0.001								
T1355G(L452R) C1433A(T478K) T1543G(F515V) A1667G(N556S) T1722C(D574D)																																													0.010																											
T1355G(L452R) C1433A(T478K) T1543G(F515V) T1722C(D574D)																															0.001								0.005			0.002	0.005	0.005																												
T1355G(L452R) C1433A(T478K) T1544G(F515C)																																								0.002			0.002																													
T1355G(L452R) C1433A(T478K) T1544G(F515C) A1667G(N556S) T1722C(D574D)																																													0.004																											
T1355G(L452R) C1433A(T478K) T1544G(F515C) T1722C(D574D)																																							0.003					0.003																												
T1355G(L452R) C1433A(T478K) T1545G(F515L)																																																							0.002																	
T1355G(L452R) C1433A(T478K) T1550A(L517H) T1722C(D574D)																															0.008																																									
T1355G(L452R) C1433A(T478K) T1550G(L517R)																																											0.001		0.003										0.002		0.003			0.003												
T1355G(L452R) C1433A(T478K) T1551G(L517L)																																													0.002																											
T1355G(L452R) C1433A(T478K) T1551G(L517L) T1722C(D574D)																															0.001																																									
T1355G(L452R) C1433A(T478K) T1557G(H519Q)																																														0.002							0.003		0.002																	
T1355G(L452R) C1433A(T478K) T1569C(T523T)																																																																		0.042						
T1355G(L452R) C1433A(T478K) T1571-1571Del(fs)																																																	0.033	0.034																						
T1355G(L452R) C1433A(T478K) T1572C(V524V) T1722C(D574D)																																																			0.017																					
T1355G(L452R) C1433A(T478K) T1573C(C525R)																																											0.044																													
T1355G(L452R) C1433A(T478K) T1575-1575Del(fs) C1718T(T573I)																																																																	0.015							
T1355G(L452R) C1433A(T478K) T1575A(C525*)																									0.002																																															
T1355G(L452R) C1433A(T478K) T1588A(S530T) T1722C(D574D)																																			0.017																																					
T1355G(L452R) C1433A(T478K) T1590G(S530S)																														0.089												0.002																														
T1355G(L452R) C1433A(T478K) T1602C(V534V)																																													0.003																											
T1355G(L452R) C1433A(T478K) T1602G(V534V) T1722C(D574D)																																					0.002																																			
T1355G(L452R) C1433A(T478K) T1621A(F541I)																																														0.002																										
T1355G(L452R) C1433A(T478K) T1621C(F541L)																														0.089																																										
T1355G(L452R) C1433A(T478K) T1627C(F543L)																																																				0.009																				
T1355G(L452R) C1433A(T478K) T1627G(F543V)																																																				0.008																				
T1355G(L452R) C1433A(T478K) T1628C(F543S)																																																	0.005	0.005																						
T1355G(L452R) C1433A(T478K) T1628G(F543C)																																																	0.016	0.016																						
T1355G(L452R) C1433A(T478K) T1652C(V551A)																																																							0.082	0.086																
T1355G(L452R) C1433A(T478K) T1653A(V551V)																												0.024																																												
T1355G(L452R) C1433A(T478K) T1675C(F559L)																																																	0.043	0.043																						
T1355G(L452R) C1433A(T478K) T1679C(L560P)																									0.003																																															
T1355G(L452R) C1433A(T478K) T1679G(L560R)																									0.021																																															
T1355G(L452R) C1433A(T478K) T1693G(F565V) T1722C(D574D)																															0.001																																									
T1355G(L452R) C1433A(T478K) T1694G(F565C)																																																																	0.003							
T1355G(L452R) C1433A(T478K) T1694G(F565C) T1722C(D574D)																															0.001																																									
T1355G(L452R) C1433A(T478K) T1716C(T572T)																																																	0.039	0.041																						
T1355G(L452R) C1433A(T478K) T1722A(D574E)																																																														0.016										
T1355G(L452R) C1433A(T478K) T1722C(D574D)																											0.002	0.001		0.096	0.918		0.005		0.242	0.376	0.335	0.446	0.376	0.208	0.191	0.462	0.169	0.349	0.090	0.087	0.247	0.238	0.081	0.083	0.152	0.141	0.004	0.633	0.281	0.311		0.347	0.002	0.004		0.180			0.004		0.017					
T1355G(L452R) C1433A(T478K) T1722C(D574D) T1751-1751Del(fs)																															0.001																																									
T1355G(L452R) C1433A(T478K) T1722C(D574D) T1754-1754Del(fs)																															0.002																																									
T1355G(L452R) C1433A(T478K) T1731A(R577R)																																																													0.020											
T1355G(L452R) C1433A(T478K) T1751-1751Del(fs)																									0.001																								0.001																							
T1355G(L452R) C1433A(T478K) T1754-1754Del(fs)																									0.002															0.001					0.001	0.001		0.001	0.001																							
T1355G(L452R) C1433G(T478R) T1722C(D574D)																																																						0.002																		
T1355G(L452R) C1477A(Q493K)								0.002																																																																
T1355G(L452R) C1709A(A570D)																																0.004																																								
T1355G(L452R) CCT1387-1389TTT(P463F) C1433A(T478K) T1722C(D574D)																																							0.002																																	
T1355G(L452R) G1374A(K458K) C1433A(T478K)																																																																		0.200	0.020					
T1355G(L452R) G1395T(E465D) C1433A(T478K)																																																					0.002													0.043						
T1355G(L452R) G1411A(E471K) C1433A(T478K)																																																													0.018											
T1355G(L452R) G1423T(A475S) C1433A(T478K)																														0.002																						0.006																				
T1355G(L452R) G1430T(S477I) C1433A(T478K)																																											0.053	0.044			0.059	0.059			0.059	0.046							0.128													
T1355G(L452R) T1363A(L455M) C1433A(T478K)																									0.001																																															
T1355G(L452R) T1380A(N460K)							0.137					0.026																																																												
T1355G(L452R) T1380A(N460K) A1501T(N501Y) C1709A(A570D)			0.308																																																																					
T1355G(L452R) T1380A(N460K) C1433A(T478K) A1451C(E484A)																		0.136																																																						
T1355G(L452R) T1380A(N460K) C1433A(T478K) A1451C(E484A) 1603-insertA(fs)																		0.093																																																						
T1355G(L452R) T1380A(N460K) C1477A(Q493K)								0.044	0.185			0.081																																																												
T1355G(L452R) T1380G(N460K)							0.142		0.004																																																															
T1355G(L452R) T1380G(N460K) A1451C(E484A)																		0.141																																																						
T1355G(L452R) T1380G(N460K) A1451C(E484A) A1502C(N501T)																		0.003																																																						
T1355G(L452R) T1380G(N460K) A1451C(E484A) T1456G(F486V) A1502C(N501T)																		0.114	0.210																																																					
T1355G(L452R) T1389C(P463P) C1433A(T478K)																																	0.072		0.002						0.093																															
T1355G(L452R) T1389C(P463P) C1433A(T478K) G1587T(K529N)																																			0.068																																					
T1355G(L452R) T1403C(I468T) C1433A(T478K)																																																																			0.021					
T1355G(L452R) T1404A(I468I) C1433A(T478K)																																																				0.003																				
T1355G(L452R) T1410A(T470T) C1433A(T478K)																																																											0.003													
T1355G(L452R) T1410G(T470T) C1433A(T478K)																																																											0.002													
T1380A(N460K)			0.010																																																																					
T1380G(N460K) A1451C(E484A) T1456G(F486V) A1502C(N501T)																			0.002																																																					
T1389C(P463P) A1501T(N501Y) C1709A(A570D)																					0.064																																																			
T1448C(V483A)		0.003																																																																						
T1462C(C488R) A1501T(N501Y) C1709A(A570D)																	0.002																																																							
T1464C(C488C) A1501T(N501Y) C1709A(A570D)															0.003																																																									
T1473C(P491P) A1501T(N501Y) C1709A(A570D)																	0.010																																																							
T1473C(P491P) A1501T(N501Y) G1587A(K529K) C1709A(A570D)																	0.025																																																							
T1480C(S494P) A1501T(N501Y) C1709A(A570D)																			0.256																																																					
T1512G(G504G)			0.010																																																																					
T1522G(Y508D)			0.009																																																																					
T1538G(L513R)			0.012																																																																					
T1540C(S514P)			0.002																																																																					
T1542C(S514S)		0.002																																																																						
T1590C(S530S)			0.002																																																																					
T1706C(I569T)		0.003																																																																						
T1751-1751Del(fs)				0.002																																																																				
T1754-1754Del(fs)				0.002																																																																				
TTTTACAGGCTGCG1284-1297Del(fs) A1501T(N501Y) C1709A(A570D)					0.030																																																																			
