	WI-2021-12-28-RBDalt	WI-2022-01-10-RBDalt	WI-2022-01-10-RBDalt-2	WI-2022-01-10-RBDalt-3	WI-2022-01-10-RBDalt-4	WI-2022-01-10-RBDalt-5	WI-2022-01-11-RBDalt	WI-2022-01-11-RBDalt-2	WI-2022-01-11-RBDalt-3	WI-2022-01-11-RBDalt-4	WI-2022-01-11-RBDalt-5	WI-2022-01-11-RBDalt-6	WI-2022-01-11-RBDalt-7	WI-2022-01-11-RBDalt-8	WI-2022-01-20-RBDalt	WI-2022-01-20-RBDalt-2	WI-2022-01-20-RBDalt-3	WI-2022-01-20-RBDalt-4	WI-2022-01-20-RBDalt-5	WI-2022-01-20-RBDalt-6	WI-2022-01-27-RBDalt	WI-2022-01-27-RBDalt-2	WI-2022-01-27-RBDalt-3	WI-2022-01-27-RBDalt-4	WI-2022-01-27-RBDalt-5	WI-2022-01-27-RBDalt-6	WI-2022-01-27-RBDalt-7	WI-2022-01-27-RBDalt-8	WI-2022-02-03-RBDalt	WI-2022-02-03-RBDalt-2	WI-2022-02-03-RBDalt-3	WI-2022-02-03-RBDalt-4	WI-2022-02-03-RBDalt-5	WI-2022-02-10-RBDalt	WI-2022-02-10-RBDalt-2	WI-2022-02-10-RBDalt-3	WI-2022-02-10-RBDalt-4	WI-2022-02-10-RBDalt-5	WI-2022-02-13-RBDalt	WI-2022-02-14-RBDalt	WI-2022-02-14-RBDalt-2	WI-2022-02-17-RBDalt	WI-2022-02-21-RBDalt	WI-2022-02-28-RBD	WI-2022-02-28-RBDalt	WI-2022-02-28-RBDalt-2	WI-2022-03-01-RBDalt	
A1241T(Q414L) A1250C(K417T) T1320G(N440K) T1334C(V445A) T1345C(Y449H) T1380G(N460K) C1409A(T470N) C1433A(T478K) GAA1450-1452CCA(E484P) C1477A(Q493K) A1501T(N501Y)																																				0.026												
A1241T(Q414L) A1250C(K417T) T1320G(N440K) T1334C(V445A) T1345C(Y449H) T1380G(N460K) C1433A(T478K) G1450C(E484Q) C1477A(Q493K) A1501T(N501Y)																																		0.022														
A1241T(Q414L) A1250C(K417T) T1320G(N440K) T1334C(V445A) T1345C(Y449H) T1380G(N460K) C1433A(T478K) G1450C(E484Q) T1469A(F490Y) C1477A(Q493K) A1501T(N501Y)			0.015												0.021																																	
A1241T(Q414L) A1250C(K417T) T1320G(N440K) T1334C(V445A) T1345C(Y449H) T1380G(N460K) C1433A(T478K) GAA1450-1452CCA(E484P) C1477A(Q493K) A1501T(N501Y)																													0.022																			
A1241T(Q414L) A1250C(K417T) T1320G(N440K) T1334C(V445A) T1345C(Y449H) T1380G(N460K) C1433A(T478K) T1448C(V483A) G1450C(E484Q) T1469A(F490Y) C1477A(Q493K) A1501T(N501Y)																															0.026																	
A1241T(Q414L) A1250C(K417T) T1320G(N440K) T1334C(V445A) T1345C(Y449H) T1380G(N460K) G1430A(S477N) T1448C(V483A) GAA1450-1452CCA(E484P) TTT1456-1458GCT(F486A) C1477A(Q493K) A1501T(N501Y)																	0.02									0.027													0.025									
A1250C(K417T) C1256T(A419V) T1320G(N440K) T1334C(V445A) T1345C(Y449H) T1380G(N460K) C1409A(T470N) C1433A(T478K) GAA1450-1452CCA(E484P) C1477A(Q493K) A1501T(N501Y) A1705G(I569V)																																				0.024												
A1250C(K417T) C1256T(A419V) T1320G(N440K) T1334C(V445A) T1345C(Y449H) T1380G(N460K) C1433A(T478K) G1450C(E484Q) C1477A(Q493K) A1501T(N501Y) A1705G(I569V)																																		0.024														
A1250C(K417T) C1256T(A419V) T1320G(N440K) T1334C(V445A) T1345C(Y449H) T1380G(N460K) C1433A(T478K) G1450C(E484Q) T1469A(F490Y) C1477A(Q493K) A1501T(N501Y) A1705G(I569V)															0.02																																	
A1250C(K417T) C1256T(A419V) T1320G(N440K) T1334C(V445A) T1345C(Y449H) T1380G(N460K) C1433A(T478K) GAA1450-1452CCA(E484P) C1477A(Q493K) A1501T(N501Y) A1705G(I569V)																													0.02																			
A1250C(K417T) C1256T(A419V) T1320G(N440K) T1334C(V445A) T1345C(Y449H) T1380G(N460K) C1433A(T478K) T1448C(V483A) G1450C(E484Q) T1469A(F490Y) C1477A(Q493K) A1501T(N501Y) A1705G(I569V)																															0.024																	
A1250C(K417T) C1256T(A419V) T1320G(N440K) T1334C(V445A) T1345C(Y449H) T1380G(N460K) G1430A(S477N) T1448C(V483A) GAA1450-1452CCA(E484P) TTT1456-1458GCT(F486A) C1477A(Q493K) A1501T(N501Y) A1705G(I569V)																	0.017									0.024													0.024									
A1250C(K417T) T1320G(N440K) T1334C(V445A) A1343T(N448I) T1345C(Y449H) T1380G(N460K) C1433A(T478K) G1450C(E484Q) C1477A(Q493K) A1501T(N501Y)																																		0.02														
A1250C(K417T) T1320G(N440K) T1334C(V445A) A1343T(N448I) T1345C(Y449H) T1380G(N460K) C1433A(T478K) G1450C(E484Q) T1469A(F490Y) C1477A(Q493K) A1501T(N501Y)			0.01												0.017																					0.019												
A1250C(K417T) T1320G(N440K) T1334C(V445A) A1343T(N448I) T1345C(Y449H) T1380G(N460K) C1433A(T478K) T1448C(V483A) G1450C(E484Q) T1469A(F490Y) C1477A(Q493K) A1501T(N501Y)																															0.02																	
A1250C(K417T) T1320G(N440K) T1334C(V445A) A1343T(N448I) T1345C(Y449H) T1380G(N460K) G1430A(S477N) T1448C(V483A) GAA1450-1452CCA(E484P) TTT1456-1458GCT(F486A) C1477A(Q493K) A1501T(N501Y)																	0.012									0.02													0.019									
A1250C(K417T) T1320G(N440K) T1334C(V445A) T1345A(Y449N) A1358T(Y453F) T1380G(N460K) G1430A(S477N) T1448C(V483A) GAA1450-1452CCA(E484P) TTT1456-1458GCT(F486A) C1477A(Q493K) A1501T(N501Y)																																													0.22			
A1250C(K417T) T1320G(N440K) T1334C(V445A) T1345A(Y449N) A1358T(Y453F) T1380G(N460K) G1430A(S477N) T1448C(V483A) GAA1450-1452CCA(E484P) TTT1456-1458GCT(F486A) C1477A(Q493K) A1501T(N501Y) A1518C(Q506H)																																													0.052			
A1250C(K417T) T1320G(N440K) T1334C(V445A) T1345A(Y449N) A1358T(Y453F) T1380G(N460K) G1430A(S477N) T1448C(V483A) GAA1450-1452CCA(E484P) TTT1456-1458GCT(F486A) C1477A(Q493K) A1501T(N501Y) C1516A(Q506K)																																													0.058			
A1250C(K417T) T1320G(N440K) T1334C(V445A) T1345A(Y449N) T1355G(L452R) A1358T(Y453F) T1380G(N460K) G1430A(S477N) GTT1447-1449TCT(V483S) GAA1450-1452CCA(E484P) TTT1456-1458GCT(F486A) C1477A(Q493K) A1501T(N501Y) C1516A(Q506K)																																															0.031	
A1250C(K417T) T1320G(N440K) T1334C(V445A) T1345A(Y449N) T1355G(L452R) A1358T(Y453F) T1380G(N460K) G1430A(S477N) T1448C(V483A) GAA1450-1452CCA(E484P) T1457C(F486S) C1477A(Q493K) A1501T(N501Y) C1516A(Q506K)																																															0.035	
A1250C(K417T) T1320G(N440K) T1334C(V445A) T1345A(Y449N) T1355G(L452R) A1358T(Y453F) T1380G(N460K) G1430A(S477N) T1448C(V483A) GAA1450-1452CCA(E484P) TTT1456-1458GCT(F486A) C1477A(Q493K) A1501T(N501Y)																																											0.627				0.87	
A1250C(K417T) T1320G(N440K) T1334C(V445A) T1345A(Y449N) T1355G(L452R) A1358T(Y453F) T1380G(N460K) G1430A(S477N) T1448C(V483A) GAA1450-1452CCA(E484P) TTT1456-1458GCT(F486A) C1477A(Q493K) A1501T(N501Y) A1518C(Q506H)																																											0.037				0.025	
A1250C(K417T) T1320G(N440K) T1334C(V445A) T1345A(Y449N) T1355G(L452R) A1358T(Y453F) T1380G(N460K) G1430A(S477N) T1448C(V483A) GAA1450-1452CCA(E484P) TTT1456-1458GCT(F486A) C1477A(Q493K) A1501T(N501Y) T1543G(F515V)																																											0.003				0.008	
A1250C(K417T) T1320G(N440K) T1334C(V445A) T1345A(Y449N) T1380G(N460K) G1430A(S477N) G1450C(E484Q) TTT1456-1458GCT(F486A) C1477A(Q493K) A1501T(N501Y)																												0.088																				
A1250C(K417T) T1320G(N440K) T1334C(V445A) T1345A(Y449N) T1380G(N460K) G1430A(S477N) G1450C(E484Q) TTT1456-1458GCT(F486A) C1477A(Q493K) A1501T(N501Y) C1516A(Q506K)																												0.051																				
A1250C(K417T) T1320G(N440K) T1334C(V445A) T1345C(Y449H) T1380G(N460K) A1421G(Q474R) C1433A(T478K) G1450C(E484Q) C1477A(Q493K) A1501T(N501Y)																																		0.023														
A1250C(K417T) T1320G(N440K) T1334C(V445A) T1345C(Y449H) T1380G(N460K) A1421G(Q474R) C1433A(T478K) G1450C(E484Q) T1469A(F490Y) C1477A(Q493K) A1501T(N501Y)			0.014												0.021																					0.027												
A1250C(K417T) T1320G(N440K) T1334C(V445A) T1345C(Y449H) T1380G(N460K) A1421G(Q474R) C1433A(T478K) GAA1450-1452CCA(E484P) C1477A(Q493K) A1501T(N501Y)																													0.021																			
A1250C(K417T) T1320G(N440K) T1334C(V445A) T1345C(Y449H) T1380G(N460K) A1421G(Q474R) C1433A(T478K) T1448C(V483A) G1450C(E484Q) T1469A(F490Y) C1477A(Q493K) A1501T(N501Y)																															0.025																	
A1250C(K417T) T1320G(N440K) T1334C(V445A) T1345C(Y449H) T1380G(N460K) A1421G(Q474R) G1430A(S477N) T1448C(V483A) GAA1450-1452CCA(E484P) TTT1456-1458GCT(F486A) C1477A(Q493K) A1501T(N501Y)																	0.017									0.025													0.025									
A1250C(K417T) T1320G(N440K) T1334C(V445A) T1345C(Y449H) T1380G(N460K) C1409A(T470N) C1433A(T478K) GAA1450-1452CCA(E484P) C1477A(Q493K) A1501T(N501Y)												0.136					0.256														0.509					0.41200000000000003												
A1250C(K417T) T1320G(N440K) T1334C(V445A) T1345C(Y449H) T1380G(N460K) C1409A(T470N) C1433A(T478K) GAA1450-1452CCA(E484P) C1477A(Q493K) A1501T(N501Y) A1518C(Q506H)												0.003																								0.003												
A1250C(K417T) T1320G(N440K) T1334C(V445A) T1345C(Y449H) T1380G(N460K) C1409A(T470N) C1433A(T478K) GAA1450-1452CCA(E484P) C1477A(Q493K) A1501T(N501Y) C1516A(Q506K)												0.018																								0.017												
A1250C(K417T) T1320G(N440K) T1334C(V445A) T1345C(Y449H) T1380G(N460K) C1409A(T470N) C1433A(T478K) GAA1450-1452CCA(E484P) T1469A(F490Y) C1477A(Q493K) A1501T(N501Y)																																												0.036				
A1250C(K417T) T1320G(N440K) T1334C(V445A) T1345C(Y449H) T1380G(N460K) C1433A(T478K) G1450C(E484Q) C1477A(Q493K) A1501T(N501Y)																																		0.773														
A1250C(K417T) T1320G(N440K) T1334C(V445A) T1345C(Y449H) T1380G(N460K) C1433A(T478K) G1450C(E484Q) T1469A(F490Y) C1477A(Q493K) A1501T(N501Y)			0.326												0.733		0.267											0.139								0.429				0.644		0.521						
A1250C(K417T) T1320G(N440K) T1334C(V445A) T1345C(Y449H) T1380G(N460K) C1433A(T478K) G1450C(E484Q) T1469A(F490Y) C1477A(Q493K) A1501T(N501Y) A1518C(Q506H)															0.004													0.039												0.035								
A1250C(K417T) T1320G(N440K) T1334C(V445A) T1345C(Y449H) T1380G(N460K) C1433A(T478K) G1450C(E484Q) T1469A(F490Y) C1477A(Q493K) A1501T(N501Y) A1518C(Q506H) T1557G(H519Q)																																										0.055						
A1250C(K417T) T1320G(N440K) T1334C(V445A) T1345C(Y449H) T1380G(N460K) C1433A(T478K) G1450C(E484Q) T1469A(F490Y) C1477A(Q493K) A1501T(N501Y) C1516A(Q506K)			0.018												0.014																																	
A1250C(K417T) T1320G(N440K) T1334C(V445A) T1345C(Y449H) T1380G(N460K) C1433A(T478K) G1450C(E484Q) T1469A(F490Y) C1477A(Q493K) A1501T(N501Y) C1516A(Q506K) T1557G(H519Q)																																										0.061						
A1250C(K417T) T1320G(N440K) T1334C(V445A) T1345C(Y449H) T1380G(N460K) C1433A(T478K) G1450C(E484Q) T1469A(F490Y) C1477A(Q493K) A1501T(N501Y) T1557G(H519Q)																																										0.341						
A1250C(K417T) T1320G(N440K) T1334C(V445A) T1345C(Y449H) T1380G(N460K) C1433A(T478K) G1450C(E484Q) T1469A(F490Y) C1477A(Q493K) A1501T(N501Y) T1676C(F559S)			0.005												0.011																					0.009												
A1250C(K417T) T1320G(N440K) T1334C(V445A) T1345C(Y449H) T1380G(N460K) C1433A(T478K) G1450C(E484Q) T1469A(F490Y) C1477A(Q493K) A1501T(N501Y) T1676G(F559C)			0.007												0.01		0.002																			0.011												
A1250C(K417T) T1320G(N440K) T1334C(V445A) T1345C(Y449H) T1380G(N460K) C1433A(T478K) GAA1450-1452CCA(E484P) C1477A(Q493K) A1501T(N501Y)																										0.504			0.309																			
A1250C(K417T) T1320G(N440K) T1334C(V445A) T1345C(Y449H) T1380G(N460K) C1433A(T478K) GAA1450-1452CCA(E484P) T1469A(F490Y) C1477A(Q493K) A1501T(N501Y) T1557G(H519Q)																																													0.311			
A1250C(K417T) T1320G(N440K) T1334C(V445A) T1345C(Y449H) T1380G(N460K) C1433A(T478K) T1448C(V483A) G1450C(E484Q) T1469A(F490Y) C1477A(Q493K) A1501T(N501Y)																															0.328																	
A1250C(K417T) T1320G(N440K) T1334C(V445A) T1345C(Y449H) T1380G(N460K) G1430A(S477N) GTT1447-1449TCT(V483S) GAA1450-1452CCA(E484P) TTT1456-1458GCT(F486A) C1477A(Q493K) A1501T(N501Y)																												0.004											0.003							0.012		
A1250C(K417T) T1320G(N440K) T1334C(V445A) T1345C(Y449H) T1380G(N460K) G1430A(S477N) T1448C(V483A) GAA1450-1452CCA(E484P) T1456G(F486V) C1477A(Q493K) A1501T(N501Y)																										0.003													0.01									
A1250C(K417T) T1320G(N440K) T1334C(V445A) T1345C(Y449H) T1380G(N460K) G1430A(S477N) T1448C(V483A) GAA1450-1452CCA(E484P) T1457C(F486S) C1477A(Q493K) A1501T(N501Y)																										0.009		0.012											0.014							0.015		
A1250C(K417T) T1320G(N440K) T1334C(V445A) T1345C(Y449H) T1380G(N460K) G1430A(S477N) T1448C(V483A) GAA1450-1452CCA(E484P) TTT1456-1458GCT(F486A) C1477A(Q493K)																																												0.042				
A1250C(K417T) T1320G(N440K) T1334C(V445A) T1345C(Y449H) T1380G(N460K) G1430A(S477N) T1448C(V483A) GAA1450-1452CCA(E484P) TTT1456-1458GCT(F486A) C1477A(Q493K) A1501T(N501Y)																	0.15600000000000003									0.315		0.658											0.809						0.344	0.603		
A1250C(K417T) T1320G(N440K) T1334C(V445A) T1345C(Y449H) T1380G(N460K) G1430A(S477N) T1448C(V483A) GAA1450-1452CCA(E484P) TTT1456-1458GCT(F486A) C1477A(Q493K) A1501T(N501Y) A1518C(Q506H)																										0.005													0.007							0.017		
A1250C(K417T) T1320G(N440K) T1334C(V445A) T1345C(Y449H) T1380G(N460K) G1430A(S477N) T1448C(V483A) GAA1450-1452CCA(E484P) TTT1456-1458GCT(F486A) C1477A(Q493K) A1501T(N501Y) C1516A(Q506K)																										0.017													0.016									
A1250C(K417T) T1320G(N440K) T1334C(V445A) T1345C(Y449H) T1380G(N460K) G1430A(S477N) T1448C(V483A) GAA1450-1452CCA(E484P) TTT1456-1458GCT(F486A) C1477A(Q493K) A1501T(N501Y) T1676C(F559S)																										0.012													0.012									
A1250C(K417T) T1320G(N440K) T1334C(V445A) T1345C(Y449H) T1380G(N460K) G1430A(S477N) T1448C(V483A) GAA1450-1452CCA(E484P) TTT1456-1458GCT(F486A) C1477A(Q493K) A1501T(N501Y) T1676G(F559C)																										0.013													0.013									
A1250C(K417T) T1320G(N440K) T1345A(Y449N) T1380G(N460K) C1433A(T478K) T1448C(V483A) G1450C(E484Q) C1477A(Q493K) A1501T(N501Y)																	0.227																															
C1244T(T415I) A1250C(K417T) T1320G(N440K) T1334C(V445A) T1345C(Y449H) T1380G(N460K) C1409A(T470N) C1433A(T478K) GAA1450-1452CCA(E484P) C1477A(Q493K) A1501T(N501Y)																																				0.024												
C1244T(T415I) A1250C(K417T) T1320G(N440K) T1334C(V445A) T1345C(Y449H) T1380G(N460K) C1433A(T478K) G1450C(E484Q) C1477A(Q493K) A1501T(N501Y)																																		0.025														
C1244T(T415I) A1250C(K417T) T1320G(N440K) T1334C(V445A) T1345C(Y449H) T1380G(N460K) C1433A(T478K) G1450C(E484Q) T1469A(F490Y) C1477A(Q493K) A1501T(N501Y)			0.014												0.021																																	
C1244T(T415I) A1250C(K417T) T1320G(N440K) T1334C(V445A) T1345C(Y449H) T1380G(N460K) C1433A(T478K) T1448C(V483A) G1450C(E484Q) T1469A(F490Y) C1477A(Q493K) A1501T(N501Y)																															0.024																	
C1244T(T415I) A1250C(K417T) T1320G(N440K) T1334C(V445A) T1345C(Y449H) T1380G(N460K) G1430A(S477N) T1448C(V483A) GAA1450-1452CCA(E484P) TTT1456-1458GCT(F486A) C1477A(Q493K) A1501T(N501Y)																	0.015									0.024													0.024									
T1320G(N440K) T1334C(V445A) T1345C(Y449H) T1380G(N460K) C1409A(T470N) C1433A(T478K) GAA1450-1452CCA(E484P) C1477A(Q493K) A1501T(N501Y)												0.451																																				
