	1-2021-04-04-RBD	1-2021-04-19-RBD	1-2021-04-19-RBD-2	1-2021-07-19-RBD	1-2021-08-09-RBD	1-2021-08-16-RBD	1-2021-08-23-RBD	1-2021-09-01-RBD	1-2021-09-08-RBD	1-2021-09-13-RBD	1-2021-09-20-RBD	1-2021-10-04-RBD	1-2021-10-04-RBD-2	1-2021-10-04-RBD-3	1-2021-10-18-RBD	1-2021-10-18-RBD-2	1-2021-10-26-RBD	1-2021-10-31-RBD	1-2021-10-31-RBD-2	1-2021-10-31-RBD-3	1-2021-11-08-RBD	1-2021-11-15-RBD	1-2021-11-22-RBD	1-2021-11-22-RBD-2	1-2021-11-22-RBD-3	1-2021-11-29-RBD	1-2021-12-06-RBD	1-2021-12-13-RBD	1-2021-12-27-RBD	1-2021-12-28-RBD	1-2022-01-03-RBD	1-2022-01-12-RBD	1-2022-01-18-RBD	1-2022-01-25-RBD	1-2022-02-07-RBDalt	1-2022-02-14-RBD	1-2022-02-23-RBD	1-2022-02-28-RBD	1-2022-03-07-RBD	
A1243T(T415S) A1250C(K417T) C1317A(N439K) AAGGTT1330-1335TCCAAA(KV444-445SK) G1336A(G446S) TAT1345-1347CGT(Y449R) T1355A(L452Q) T1366C(F456L) T1380G(N460K) A1385G(K462R) A1414C(I472L) GCC1423-1425TTC(A475F) C1433T(T478I) GGTGTT1444-1449AGT(GV482-483S) GAA1450-1452CCA(E484P) TTT1456-1458AGT(F486S) A1478T(Q493L) G1486A(G496S) CAA1492-1494TAT(Q498Y) T1513A(Y505N) C1715T(T572I)																						0.024																		
A1250C(K417T) A1310G(N437S) C1317A(N439K) AAGGTT1330-1335TCCAAA(KV444-445SK) G1336A(G446S) TAT1345-1347CGT(Y449R) T1355A(L452Q) T1366C(F456L) T1380G(N460K) A1385G(K462R) A1414C(I472L) GCC1423-1425TTC(A475F) C1433T(T478I) GGTGTT1444-1449AGT(GV482-483S) GAA1450-1452CCA(E484P) TTT1456-1458AGT(F486S) A1478T(Q493L) G1486A(G496S) CAA1492-1494TAT(Q498Y) T1513A(Y505N) C1715T(T572I)																						0.021																		
A1250C(K417T) A1331C(K444T) A1346C(Y449S) A1451C(E484A) T1469A(F490Y) A1494C(Q498H)												0.041																												
A1250C(K417T) A1331C(K444T) A1346C(Y449S) G1361T(R454I) A1451C(E484A) T1469A(F490Y) A1494C(Q498H)												0.033																												
A1250C(K417T) A1331C(K444T) G1333A(V445I) TAT1345-1347CGT(Y449R) T1380G(N460K) A1451C(E484A) TTT1456-1458CCT(F486P) T1469A(F490Y) A1501T(N501Y)												0.044																												
A1250C(K417T) A1331C(K444T) T1345A(Y449N) A1451C(E484A) T1469A(F490Y) A1494C(Q498H)												0.023																												
A1250C(K417T) A1331C(K444T) T1345C(Y449H) A1451C(E484A) T1469A(F490Y) A1494C(Q498H)						0.067																																		
A1250C(K417T) A1331C(K444T) T1345C(Y449H) T1380G(N460K) A1451C(E484A) T1469A(F490Y) A1478T(Q493L) A1494C(Q498H)												0.037																												
A1250C(K417T) A1331C(K444T) T1345C(Y449H) T1380G(N460K) A1451C(E484A) T1469A(F490Y) A1494C(Q498H)												0.054																												
A1250C(K417T) A1331C(K444T) T1345C(Y449H) T1448C(V483A) A1451C(E484A) T1469A(F490Y) A1494C(Q498H)						0.168																																		
A1250C(K417T) A1331C(K444T) TAT1345-1347CGT(Y449R) T1380G(N460K) A1451C(E484A) TTT1456-1458CCT(F486P) T1469A(F490Y) A1501T(N501Y)												0.543																												
A1250C(K417T) A1331C(K444T) TAT1345-1347CGT(Y449R) T1380G(N460K) A1451C(E484A) TTT1456-1458CCT(F486P) T1469A(F490Y) A1501T(N501Y) C1715T(T572I)												0.034																												
A1250C(K417T) AAT1318-1320GAG(N440E) AGGTTG1331-1336Del(KVG444-446S--) T1380G(N460K) A1451C(E484A) T1469A(F490Y) CAA1492-1494TAC(Q498Y) A1502C(N501T)												0.034																												
A1250C(K417T) AAT1318-1320GAG(N440E) T1345C(Y449H) T1380G(N460K) A1451C(E484A) T1469A(F490Y) CAA1492-1494TAC(Q498Y) C1499T(T500I) A1502T(N501I)												0.034																												
A1250C(K417T) C1317A(N439K) AAGGTT1330-1335TCCAAA(KV444-445SK) G1336A(G446S) G1339A(G447S) TAT1345-1347CGT(Y449R) T1355A(L452Q) T1366C(F456L) T1380G(N460K) A1385G(K462R) A1414C(I472L) GCC1423-1425TTC(A475F) C1433A(T478K) G1444A(G482S) GTT1447-1449CCA(V483P) GAAGGTTTT1450-1458GATAGT(EGF484-486DS) A1478T(Q493L) G1486A(G496S) CAA1492-1494TAT(Q498Y) C1496A(P499H) T1513C(Y505H) C1715T(T572I)																							0.021																	
A1250C(K417T) C1317A(N439K) AAGGTT1330-1335TCCAAA(KV444-445SK) G1336A(G446S) TAT1345-1347CGT(Y449R) T1355A(L452Q) T1366C(F456L) T1380G(N460K) A1385G(K462R) A1414C(I472L) GCC1423-1425TTC(A475F) C1433A(T478K) G1444A(G482S) GTT1447-1449CCA(V483P) GAAGGTTTT1450-1458GATAGT(EGF484-486DS) A1478T(Q493L) G1486A(G496S) CAA1492-1494TAT(Q498Y) C1496A(P499H) T1513C(Y505H)																							0.042																	
A1250C(K417T) C1317A(N439K) AAGGTT1330-1335TCCAAA(KV444-445SK) G1336A(G446S) TAT1345-1347CGT(Y449R) T1355A(L452Q) T1366C(F456L) T1380G(N460K) A1385G(K462R) A1414C(I472L) GCC1423-1425TTC(A475F) C1433A(T478K) G1444A(G482S) GTT1447-1449CCA(V483P) GAAGGTTTT1450-1458GATAGT(EGF484-486DS) A1478T(Q493L) G1486A(G496S) CAA1492-1494TAT(Q498Y) C1496A(P499H) T1513C(Y505H) C1715T(T572I)																							0.171																	
A1250C(K417T) C1317A(N439K) AAGGTT1330-1335TCCAAA(KV444-445SK) G1336A(G446S) TAT1345-1347CGT(Y449R) T1355A(L452Q) T1366C(F456L) T1380G(N460K) A1385G(K462R) A1414C(I472L) GCC1423-1425TTC(A475F) C1433A(T478K) GGTGTT1444-1449AGT(GV482-483S) GAA1450-1452CCA(E484P) TTT1456-1458AGT(F486S) A1478T(Q493L) G1486A(G496S) CAA1492-1494TAT(Q498Y) A1502C(N501T)												0.018				0.006																								
A1250C(K417T) C1317A(N439K) AAGGTT1330-1335TCCAAA(KV444-445SK) G1336A(G446S) TAT1345-1347CGT(Y449R) T1355A(L452Q) T1366C(F456L) T1380G(N460K) A1385G(K462R) A1414C(I472L) GCC1423-1425TTC(A475F) C1433A(T478K) GGTGTT1444-1449AGT(GV482-483S) GAA1450-1452CCA(E484P) TTT1456-1458AGT(F486S) A1478T(Q493L) G1486A(G496S) CAA1492-1494TAT(Q498Y) A1502C(N501T) C1715T(T572I)												0.053				0.041																								
A1250C(K417T) C1317A(N439K) AAGGTT1330-1335TCCAAA(KV444-445SK) G1336A(G446S) TAT1345-1347CGT(Y449R) T1355A(L452Q) T1366C(F456L) T1380G(N460K) A1385G(K462R) A1414C(I472L) GCC1423-1425TTC(A475F) C1433A(T478K) GGTGTT1444-1449AGT(GV482-483S) GAA1450-1452CCA(E484P) TTT1456-1458AGT(F486S) A1478T(Q493L) G1486A(G496S) CAA1492-1494TAT(Q498Y) C1495T(P499S) G1504A(G502S) T1513A(Y505N)																					0.089																			
A1250C(K417T) C1317A(N439K) AAGGTT1330-1335TCCAAA(KV444-445SK) G1336A(G446S) TAT1345-1347CGT(Y449R) T1355A(L452Q) T1366C(F456L) T1380G(N460K) A1385G(K462R) A1414C(I472L) GCC1423-1425TTC(A475F) C1433A(T478K) GGTGTT1444-1449AGT(GV482-483S) GAA1450-1452CCA(E484P) TTT1456-1458AGT(F486S) A1478T(Q493L) G1486A(G496S) CAA1492-1494TAT(Q498Y) C1496A(P499H) G1504A(G502S) T1513A(Y505N) C1715T(T572I)																		0.167																						
A1250C(K417T) C1317A(N439K) AAGGTT1330-1335TCCAAA(KV444-445SK) G1336A(G446S) TAT1345-1347CGT(Y449R) T1355A(L452Q) T1366C(F456L) T1380G(N460K) A1385G(K462R) A1414C(I472L) GCC1423-1425TTC(A475F) C1433A(T478K) GGTGTT1444-1449AGT(GV482-483S) GAA1450-1452CCA(E484P) TTT1456-1458AGT(F486S) A1478T(Q493L) G1486A(G496S) CAA1492-1494TAT(Q498Y) C1496A(P499H) T1513C(Y505H) C1715T(T572I)																					0.042																			
A1250C(K417T) C1317A(N439K) AAGGTT1330-1335TCCAAA(KV444-445SK) G1336A(G446S) TAT1345-1347CGT(Y449R) T1355A(L452Q) T1366C(F456L) T1380G(N460K) A1385G(K462R) A1414C(I472L) GCC1423-1425TTC(A475F) C1433A(T478K) GGTGTT1444-1449AGT(GV482-483S) GAA1450-1452CCA(E484P) TTT1456-1458AGT(F486S) A1478T(Q493L) G1486A(G496S) CAA1492-1494TAT(Q498Y) T1513A(Y505N) C1715T(T572I)																			0.329																					
A1250C(K417T) C1317A(N439K) AAGGTT1330-1335TCCAAA(KV444-445SK) G1336A(G446S) TAT1345-1347CGT(Y449R) T1355A(L452Q) T1366C(F456L) T1380G(N460K) A1385G(K462R) A1414C(I472L) GCC1423-1425TTC(A475F) C1433T(T478I) GGTGTT1444-1449AGT(GV482-483S) GAA1450-1452CCA(E484P) TTT1456-1458AGT(F486S) A1478T(Q493L) G1486A(G496S) CAA1492-1494TAT(Q498Y) A1502C(N501T) C1715T(T572I)																		0.166																						
A1250C(K417T) C1317A(N439K) AAGGTT1330-1335TCCAAA(KV444-445SK) G1336A(G446S) TAT1345-1347CGT(Y449R) T1355A(L452Q) T1366C(F456L) T1380G(N460K) A1385G(K462R) A1414C(I472L) GCC1423-1425TTC(A475F) C1433T(T478I) GGTGTT1444-1449AGT(GV482-483S) GAA1450-1452CCA(E484P) TTT1456-1458AGT(F486S) A1478T(Q493L) G1486A(G496S) CAA1492-1494TAT(Q498Y) T1513A(Y505N) C1715T(T572I)																						0.867																		
A1250C(K417T) C1317A(N439K) AAGGTT1330-1335TCCAAA(KV444-445SK) G1336A(G446S) TAT1345-1347CGT(Y449R) T1355A(L452Q) T1366C(F456L) T1380G(N460K) A1385G(K462R) A1414C(I472L) GCC1423-1425TTC(A475F) C1433T(T478I) GGTGTT1444-1449AGT(GV482-483S) GAA1450-1452CCA(E484P) TTT1456-1458AGT(F486S) A1478T(Q493L) G1486A(G496S) CAA1492-1494TAT(Q498Y) T1513A(Y505N) C1715T(T572I) T1722A(D574E)																						0.023																		
A1250C(K417T) C1317A(N439K) AAGGTT1330-1335TCCAAA(KV444-445SK) G1336A(G446S) TAT1345-1347CGT(Y449R) T1355A(L452Q) T1368A(F456L) T1380G(N460K) A1385G(K462R) A1414C(I472L) GCC1423-1425TTC(A475F) C1433A(T478K) GGTGTT1444-1449AGT(GV482-483S) GAA1450-1452CCA(E484P) TTT1456-1458AGT(F486S) A1478T(Q493L) G1486A(G496S) CAA1492-1494TAT(Q498Y) A1502C(N501T) C1715T(T572I)											0.9420000000000001																													
A1250C(K417T) C1317A(N439K) AAGGTT1330-1335TCCAAA(KV444-445SK) G1336A(G446S) TAT1345-1347CGT(Y449R) T1355A(L452Q) T1380G(N460K) A1385G(K462R) A1414C(I472L) C1424T(A475V) C1433A(T478K) GGTGTT1444-1449AGT(GV482-483S) GAA1450-1452CCA(E484P) TTT1456-1458AGT(F486S) G1486A(G496S) CAA1492-1494TAT(Q498Y) A1502C(N501T) C1715T(T572I)								0.219																																
A1250C(K417T) C1317A(N439K) AAGGTT1330-1335TCCAAA(KV444-445SK) GGT1336-1338ACT(G446T) TAT1345-1347CGT(Y449R) T1355A(L452Q) A1358T(Y453F) T1380G(N460K) A1385G(K462R) A1414C(I472L) C1424T(A475V) C1433A(T478K) GGTGTT1444-1449AGT(GV482-483S) GAA1450-1452CCA(E484P) TTT1456-1458AGT(F486S) TTT1468-1470CCT(F490P) G1486A(G496S) CAA1492-1494TAT(Q498Y) A1498T(T500S) A1502C(N501T) A1585G(K529E) C1715T(T572I)																			0.30700000000000005																					
A1346C(Y449S) C1477A(Q493K) T1480C(S494P) CAA1492-1494TAC(Q498Y) C1555A(H519N) C1715A(T572N)													0.167																											
A1451C(E484A) TTT1456-1458CCT(F486P) T1480C(S494P) CAA1492-1494TAC(Q498Y) C1555A(H519N) ACT1714-1716AAA(T572K)													0.162																											
AAG1249-1251ATA(K417I) C1317A(N439K) AAGGTT1330-1335TTCAAA(KV444-445FK) GGT1336-1338AAT(G446N) TAT1345-1347CGT(Y449R) T1355A(L452Q) T1366C(F456L) T1380G(N460K) A1385G(K462R) A1414C(I472L) GCC1423-1425TTC(A475F) C1433T(T478I) GGTGTT1444-1449AGT(GV482-483S) G1450C(E484Q) TTT1456-1458AGT(F486S) A1478T(Q493L) T1480C(S494P) GGT1486-1488ACT(G496T) CAA1492-1494TAT(Q498Y) C1496A(P499H) G1504A(G502S) T1513A(Y505N) C1715T(T572I)																																						0.272		
C1240A(Q414K) C1317A(N439K) AAGGTT1330-1335TCCAAA(KV444-445SK) GGT1336-1338AAT(G446N) TAT1345-1347CGT(Y449R) T1355A(L452Q) T1366C(F456L) T1380G(N460K) C1381A(L461I) A1385G(K462R) A1414C(I472L) GCC1423-1425TTC(A475F) C1433T(T478I) GGTGTT1444-1449AGT(GV482-483S) G1450C(E484Q) TTT1456-1458AGT(F486S) A1478T(Q493L) T1480C(S494P) GGT1486-1488ACT(G496T) CAA1492-1494TAT(Q498Y) C1496A(P499H) G1504A(G502S) T1513A(Y505N) C1715T(T572I)																																						0.536		
C1240A(Q414K) C1317A(N439K) AAGGTT1330-1335TCCAAA(KV444-445SK) GGT1336-1338AAT(G446N) TAT1345-1347CGT(Y449R) T1355A(L452Q) T1366C(F456L) T1380G(N460K) C1381A(L461I) A1385G(K462R) A1414C(I472L) GCC1423-1425TTC(A475F) C1433T(T478I) GGTGTT1444-1449AGT(GV482-483S) G1450C(E484Q) TTT1456-1458AGT(F486S) A1478T(Q493L) T1480C(S494P) GGT1486-1488ACT(G496T) CAA1492-1494TAT(Q498Y) C1496A(P499H) T1513A(Y505N) A1518C(Q506H) C1715T(T572I)																																						0.04		
C1240A(Q414K) C1317A(N439K) AAGGTT1330-1335TCCAAA(KV444-445SK) GGT1336-1338AAT(G446N) TAT1345-1347CGT(Y449R) T1355A(L452Q) T1366C(F456L) T1380G(N460K) C1381A(L461I) A1385G(K462R) A1414C(I472L) GCC1423-1425TTC(A475F) C1433T(T478I) GGTGTT1444-1449AGT(GV482-483S) G1450C(E484Q) TTT1456-1458AGT(F486S) A1478T(Q493L) T1480C(S494P) GGT1486-1488ACT(G496T) CAA1492-1494TAT(Q498Y) C1496A(P499H) T1513A(Y505N) C1516A(Q506K) C1715T(T572I)																																						0.1		
C1240A(Q414K) C1317A(N439K) AAGGTT1330-1335TCCAAA(KV444-445SK) GGT1336-1338AAT(G446N) TAT1345-1347CGT(Y449R) T1355A(L452Q) T1366C(F456L) T1380G(N460K) C1381A(L461I) A1385G(K462R) A1414C(I472L) GCC1423-1425TTC(A475F) C1433T(T478I) GGTGTT1444-1449AGT(GV482-483S) G1450C(E484Q) TTT1456-1458AGT(F486S) A1478T(Q493L) T1480C(S494P) GGT1486-1488ACT(G496T) CAA1492-1494TAT(Q498Y) C1496A(P499H) T1513A(Y505N) C1715T(T572I)																																						0.021		
C1244T(T415I) A1250C(K417T) C1317A(N439K) AAGGTT1330-1335TCCAAA(KV444-445SK) G1336A(G446S) TAT1345-1347CGT(Y449R) T1355A(L452Q) T1366C(F456L) T1380G(N460K) A1385G(K462R) A1414C(I472L) GCC1423-1425TTC(A475F) C1433A(T478K) G1444A(G482S) GTT1447-1449CCA(V483P) GAAGGTTTT1450-1458GATAGT(EGF484-486DS) A1478T(Q493L) G1486A(G496S) CAA1492-1494TAT(Q498Y) C1496A(P499H) T1513C(Y505H) C1715T(T572I)																							0.021																	
C1317A(N439K) AAGGTT1330-1335TCCAAA(KV444-445SK) G1336A(G446S) TAT1345-1347CGT(Y449R) T1355A(L452Q) T1366C(F456L) T1380G(N460K) A1385G(K462R) A1414C(I472L) GCC1423-1425TTC(A475F) C1433A(T478K) GGTGTT1444-1449AGT(GV482-483S) GAA1450-1452CCA(E484P) TTT1456-1458AGT(F486S) A1478T(Q493L) G1486A(G496S) CAA1492-1494TAT(Q498Y) A1502C(N501T) C1715T(T572I)																0.44																								
C1477A(Q493K) CAA1492-1494TAC(Q498Y) C1555A(H519N) G1708T(A570S) C1715A(T572N)													0.167																											
C1477A(Q493K) T1480C(S494P) CAA1492-1494TAC(Q498Y) C1555A(H519N) C1715A(T572N)													0.164																											
C1477A(Q493K) TCA1480-1482CGA(S494R) CAA1492-1494TAC(Q498Y) C1555A(H519N) C1715A(T572N)														0.219																										
T1366C(F456L) T1380G(N460K) A1451C(E484A) TTT1456-1458CCT(F486P) T1480C(S494P) CAA1492-1494TAC(Q498Y) C1555A(H519N) C1715A(T572N)													0.185	0.023																										
T1380A(N460K) C1477A(Q493K) T1480C(S494P) CAA1492-1494TAC(Q498Y) C1555A(H519N) C1715A(T572N)														0.388																										
T1469A(F490Y) C1477A(Q493K) T1480C(S494P) CAA1492-1494TAC(Q498Y) C1555A(H519N) C1715A(T572N)														0.363																										
